"“Œv–¼F","lŒû“®‘Ô’²¸ lŒû“®‘Ô“Œv Šm’è” •ÛŠÇ“Œv•\i•ñ‘”ñŒfÚ•\j Ž€–S"
"•\”Ô†F","1"
"•\‘èF","15ÎˆÈã—L”z‹ôŽ€–S”C«E”N—îi‚TÎŠK‹‰jE”z‹ôŽÒ‚Ì”N—îi‚TÎŠK‹‰j•Ê"
"ŽÀŽ{”NŒŽF","2024”N","-"

"***","’²¸–”‚ÍWŒv‚µ‚Ä‚¢‚È‚¢‚à‚Ì"
"-","Œv”‚Ì‚È‚¢ê‡"
"c","Œv”•s–¾‚Ìê‡"
"E","“Œv€–Ú‚Ì‚ ‚è‚¦‚È‚¢ê‡"

"","","","","","","","","","","","","/”z‹ôŽÒ‚Ì”N—î(5ÎŠK‹‰) ƒR[ƒh","00100","00110","00120","00130","00140","00150","00160","00170","00180","00190","00200","00210","00220","00230","00240","00250","00260","00270","00280"
"","","","","","","","","","","","","/”z‹ôŽÒ‚Ì”N—î(5ÎŠK‹‰) •â•ƒR[ƒh","-","-","-","-","-","-","-","-","-","-","-","-","-","-","-","-","-","-","-"
"•\Í€–Ú ƒR[ƒh","•\Í€–Ú •â•ƒR[ƒh","•\Í€–Ú","ŽžŠÔŽ²(”NŽŸ) ƒR[ƒh","ŽžŠÔŽ²(”NŽŸ) •â•ƒR[ƒh","ŽžŠÔŽ²(”NŽŸ)","«•Ê ƒR[ƒh","«•Ê •â•ƒR[ƒh","«•Ê","Ž€–SŽÒ‚Ì”N—î(5ÎŠK‹‰) ƒR[ƒh","Ž€–SŽÒ‚Ì”N—î(5ÎŠK‹‰) •â•ƒR[ƒh","Ž€–SŽÒ‚Ì”N—î(5ÎŠK‹‰)","/”z‹ôŽÒ‚Ì”N—î(5ÎŠK‹‰)","”z‹ôŽÒ_‘”","”z‹ôŽÒ_15`19Î","”z‹ôŽÒ_20`24Î","”z‹ôŽÒ_25`29Î","”z‹ôŽÒ_30`34Î","”z‹ôŽÒ_35`39Î","”z‹ôŽÒ_40`44Î","”z‹ôŽÒ_45`49Î","”z‹ôŽÒ_50`54Î","”z‹ôŽÒ_55`59Î","”z‹ôŽÒ_60`64Î","”z‹ôŽÒ_65`69Î","”z‹ôŽÒ_70`74Î","”z‹ôŽÒ_75`79Î","”z‹ôŽÒ_80`84Î","”z‹ôŽÒ_85`89Î","”z‹ôŽÒ_90`94Î","”z‹ôŽÒ_95ÎˆÈã","”z‹ôŽÒ_•sÚ"
"10100","","Ž€–S”ylz","2024000000","","2024”N","00110","","’j","00100","","Ž€–SŽÒ_‘”","","474,391","1","46","245","587","1,190","2,188","4,006","7,532","11,845","19,642","34,107","67,245","98,318","114,711","79,627","28,993","3,828","280"
"10100","","Ž€–S”ylz","2024000000","","2024”N","00110","","’j","00110","","Ž€–SŽÒ_15`19Î","","-","-","-","-","-","-","-","-","-","-","-","-","-","-","-","-","-","-","-"
"10100","","Ž€–S”ylz","2024000000","","2024”N","00110","","’j","00120","","Ž€–SŽÒ_20`24Î","","27","1","16","10","-","-","-","-","-","-","-","-","-","-","-","-","-","-","-"
"10100","","Ž€–S”ylz","2024000000","","2024”N","00110","","’j","00130","","Ž€–SŽÒ_25`29Î","","144","-","14","90","30","5","4","1","-","-","-","-","-","-","-","-","-","-","-"
"10100","","Ž€–S”ylz","2024000000","","2024”N","00110","","’j","00140","","Ž€–SŽÒ_30`34Î","","358","-","3","66","219","54","11","4","-","1","-","-","-","-","-","-","-","-","-"
"10100","","Ž€–S”ylz","2024000000","","2024”N","00110","","’j","00150","","Ž€–SŽÒ_35`39Î","","669","-","2","25","137","383","91","26","4","-","-","-","-","-","-","-","-","-","1"
"10100","","Ž€–S”ylz","2024000000","","2024”N","00110","","’j","00160","","Ž€–SŽÒ_40`44Î","","1,282","-","4","19","84","282","657","185","33","15","1","1","-","-","-","-","-","-","1"
"10100","","Ž€–S”ylz","2024000000","","2024”N","00110","","’j","00170","","Ž€–SŽÒ_45`49Î","","2,547","-","1","6","44","194","569","1,295","367","60","9","2","-","-","-","-","-","-","-"
"10100","","Ž€–S”ylz","2024000000","","2024”N","00110","","’j","00180","","Ž€–SŽÒ_50`54Î","","4,648","-","1","11","33","102","312","1,156","2,470","459","87","8","2","1","-","-","-","-","6"
"10100","","Ž€–S”ylz","2024000000","","2024”N","00110","","’j","00190","","Ž€–SŽÒ_55`59Î","","7,214","-","2","9","12","47","169","519","2,197","3,594","551","84","16","6","-","-","-","-","8"
"10100","","Ž€–S”ylz","2024000000","","2024”N","00110","","’j","00200","","Ž€–SŽÒ_60`64Î","","12,227","-","-","2","9","42","121","309","1,141","3,875","5,680","858","140","33","5","2","-","-","10"
"10100","","Ž€–S”ylz","2024000000","","2024”N","00110","","’j","00210","","Ž€–SŽÒ_65`69Î","","22,378","-","2","1","9","31","91","218","544","2,037","7,696","9,879","1,512","264","66","11","3","-","14"
"10100","","Ž€–S”ylz","2024000000","","2024”N","00110","","’j","00220","","Ž€–SŽÒ_70`74Î","","48,170","-","-","4","5","25","78","145","427","997","3,774","16,065","22,358","3,701","474","75","15","-","27"
"10100","","Ž€–S”ylz","2024000000","","2024”N","00110","","’j","00230","","Ž€–SŽÒ_75`79Î","","78,714","-","1","1","5","19","53","98","247","546","1,263","5,784","32,723","33,783","3,646","420","70","7","48"
"10100","","Ž€–S”ylz","2024000000","","2024”N","00110","","’j","00240","","Ž€–SŽÒ_80`84Î","","107,028","-","-","1","-","6","22","37","63","177","412","1,045","8,999","49,491","42,650","3,698","319","35","73"
"10100","","Ž€–S”ylz","2024000000","","2024”N","00110","","’j","00250","","Ž€–SŽÒ_85`89Î","","107,006","-","-","-","-","-","9","10","29","65","124","283","1,166","9,942","57,361","35,249","2,590","122","56"
"10100","","Ž€–S”ylz","2024000000","","2024”N","00110","","’j","00260","","Ž€–SŽÒ_90`94Î","","65,234","-","-","-","-","-","1","3","10","15","39","87","279","952","10,027","36,568","16,581","641","31"
"10100","","Ž€–S”ylz","2024000000","","2024”N","00110","","’j","00270","","Ž€–SŽÒ_95`99Î","","15,631","-","-","-","-","-","-","-","-","3","5","10","46","134","469","3,528","9,038","2,394","4"
"10100","","Ž€–S”ylz","2024000000","","2024”N","00110","","’j","00280","","Ž€–SŽÒ_100ÎˆÈã","","1,114","-","-","-","-","-","-","-","-","1","1","1","4","11","13","76","377","629","1"
"10100","","Ž€–S”ylz","2024000000","","2024”N","00120","","—","00100","","Ž€–SŽÒ_‘”","","166,092","-","10","104","242","557","928","1,834","3,158","4,266","5,741","9,120","17,857","25,778","34,222","34,164","21,898","6,036","177"
"10100","","Ž€–S”ylz","2024000000","","2024”N","00120","","—","00110","","Ž€–SŽÒ_15`19Î","","-","-","-","-","-","-","-","-","-","-","-","-","-","-","-","-","-","-","-"
"10100","","Ž€–S”ylz","2024000000","","2024”N","00120","","—","00120","","Ž€–SŽÒ_20`24Î","","16","-","6","2","4","1","-","2","-","-","-","-","-","-","-","-","-","-","1"
"10100","","Ž€–S”ylz","2024000000","","2024”N","00120","","—","00130","","Ž€–SŽÒ_25`29Î","","149","-","3","78","38","17","11","-","1","1","-","-","-","-","-","-","-","-","-"
"10100","","Ž€–S”ylz","2024000000","","2024”N","00120","","—","00140","","Ž€–SŽÒ_30`34Î","","297","-","1","17","128","93","34","16","8","-","-","-","-","-","-","-","-","-","-"
"10100","","Ž€–S”ylz","2024000000","","2024”N","00120","","—","00150","","Ž€–SŽÒ_35`39Î","","577","-","-","3","47","271","173","45","22","10","3","1","-","-","-","-","-","-","2"
"10100","","Ž€–S”ylz","2024000000","","2024”N","00120","","—","00160","","Ž€–SŽÒ_40`44Î","","1,035","-","-","3","14","124","432","304","116","29","8","1","1","1","-","-","-","-","2"
"10100","","Ž€–S”ylz","2024000000","","2024”N","00120","","—","00170","","Ž€–SŽÒ_45`49Î","","2,192","-","-","-","6","31","189","958","700","206","66","20","8","5","1","-","-","-","2"
"10100","","Ž€–S”ylz","2024000000","","2024”N","00120","","—","00180","","Ž€–SŽÒ_50`54Î","","3,867","-","-","1","3","13","70","385","1,708","1,157","388","86","37","7","4","5","1","-","2"
"10100","","Ž€–S”ylz","2024000000","","2024”N","00120","","—","00190","","Ž€–SŽÒ_55`59Î","","5,141","-","-","-","1","4","14","93","455","2,239","1,636","514","130","41","9","3","-","-","2"
"10100","","Ž€–S”ylz","2024000000","","2024”N","00120","","—","00200","","Ž€–SŽÒ_60`64Î","","7,178","-","-","-","1","2","5","24","103","469","2,841","2,704","865","142","14","4","1","-","3"
"10100","","Ž€–S”ylz","2024000000","","2024”N","00120","","—","00210","","Ž€–SŽÒ_65`69Î","","11,143","-","-","-","-","1","-","7","31","104","565","4,298","4,888","1,096","122","19","4","2","6"
"10100","","Ž€–S”ylz","2024000000","","2024”N","00120","","—","00220","","Ž€–SŽÒ_70`74Î","","20,791","-","-","-","-","-","-","-","7","31","154","1,028","8,803","9,017","1,571","134","27","3","16"
"10100","","Ž€–S”ylz","2024000000","","2024”N","00120","","—","00230","","Ž€–SŽÒ_75`79Î","","29,627","-","-","-","-","-","-","-","5","14","52","324","2,286","12,296","12,847","1,674","97","9","23"
"10100","","Ž€–S”ylz","2024000000","","2024”N","00120","","—","00240","","Ž€–SŽÒ_80`84Î","","36,676","-","-","-","-","-","-","-","1","4","20","110","602","2,399","16,397","15,319","1,748","43","33"
"10100","","Ž€–S”ylz","2024000000","","2024”N","00120","","—","00250","","Ž€–SŽÒ_85`89Î","","30,011","-","-","-","-","-","-","-","-","2","7","29","190","598","2,624","14,741","11,069","727","24"
"10100","","Ž€–S”ylz","2024000000","","2024”N","00120","","—","00260","","Ž€–SŽÒ_90`94Î","","14,726","-","-","-","-","-","-","-","1","-","1","5","44","163","549","2,046","8,354","3,534","29"
"10100","","Ž€–S”ylz","2024000000","","2024”N","00120","","—","00270","","Ž€–SŽÒ_95`99Î","","2,527","-","-","-","-","-","-","-","-","-","-","-","2","13","78","201","575","1,628","30"
"10100","","Ž€–S”ylz","2024000000","","2024”N","00120","","—","00280","","Ž€–SŽÒ_100ÎˆÈã","","139","-","-","-","-","-","-","-","-","-","-","-","1","-","6","18","22","90","2"
"10100","","Ž€–S”ylz","2023000000","","2023”N","00110","","’j","00100","","Ž€–SŽÒ_‘”","","468,752","4","66","292","657","1,251","2,332","4,281","7,617","11,892","20,180","35,097","71,465","94,827","107,875","78,839","28,209","3,688","180"
"10100","","Ž€–S”ylz","2023000000","","2023”N","00110","","’j","00110","","Ž€–SŽÒ_15`19Î","","2","-","1","-","-","-","-","-","-","-","-","-","-","-","-","-","-","-","1"
"10100","","Ž€–S”ylz","2023000000","","2023”N","00110","","’j","00120","","Ž€–SŽÒ_20`24Î","","45","2","30","9","3","-","-","-","-","-","-","-","1","-","-","-","-","-","-"
"10100","","Ž€–S”ylz","2023000000","","2023”N","00110","","’j","00130","","Ž€–SŽÒ_25`29Î","","167","1","18","110","26","7","5","-","-","-","-","-","-","-","-","-","-","-","-"
"10100","","Ž€–S”ylz","2023000000","","2023”N","00110","","’j","00140","","Ž€–SŽÒ_30`34Î","","411","-","8","72","241","71","12","6","-","-","1","-","-","-","-","-","-","-","-"
"10100","","Ž€–S”ylz","2023000000","","2023”N","00110","","’j","00150","","Ž€–SŽÒ_35`39Î","","771","-","5","32","161","425","114","24","8","1","-","-","-","-","-","-","-","-","1"
"10100","","Ž€–S”ylz","2023000000","","2023”N","00110","","’j","00160","","Ž€–SŽÒ_40`44Î","","1,336","1","2","20","88","300","703","174","42","4","-","-","1","-","-","-","-","-","1"
"10100","","Ž€–S”ylz","2023000000","","2023”N","00110","","’j","00170","","Ž€–SŽÒ_45`49Î","","2,671","-","-","13","60","180","589","1,373","397","52","6","1","-","-","-","-","-","-","-"
"10100","","Ž€–S”ylz","2023000000","","2023”N","00110","","’j","00180","","Ž€–SŽÒ_50`54Î","","4,780","-","1","12","32","94","372","1,256","2,412","506","78","11","-","1","2","-","-","-","3"
"10100","","Ž€–S”ylz","2023000000","","2023”N","00110","","’j","00190","","Ž€–SŽÒ_55`59Î","","7,308","-","-","7","15","58","180","612","2,283","3,469","558","93","18","7","-","1","-","-","7"
"10100","","Ž€–S”ylz","2023000000","","2023”N","00110","","’j","00200","","Ž€–SŽÒ_60`64Î","","12,556","-","1","8","10","36","114","299","1,165","4,046","5,808","879","141","38","6","2","1","-","2"
"10100","","Ž€–S”ylz","2023000000","","2023”N","00110","","’j","00210","","Ž€–SŽÒ_65`69Î","","23,201","-","-","3","7","22","102","212","569","2,043","8,105","10,070","1,713","273","64","11","1","1","5"
"10100","","Ž€–S”ylz","2023000000","","2023”N","00110","","’j","00220","","Ž€–SŽÒ_70`74Î","","52,715","-","-","3","9","30","73","174","424","1,042","4,045","17,601","24,903","3,781","483","105","13","3","26"
"10100","","Ž€–S”ylz","2023000000","","2023”N","00110","","’j","00230","","Ž€–SŽÒ_75`79Î","","75,643","-","-","2","-","21","44","97","205","470","1,080","5,091","33,317","31,071","3,750","401","62","7","25"
"10100","","Ž€–S”ylz","2023000000","","2023”N","00110","","’j","00240","","Ž€–SŽÒ_80`84Î","","101,390","-","-","-","5","2","17","39","83","170","344","970","9,747","47,350","38,726","3,573","286","35","43"
"10100","","Ž€–S”ylz","2023000000","","2023”N","00110","","’j","00250","","Ž€–SŽÒ_85`89Î","","106,536","-","-","1","-","5","5","12","23","60","117","297","1,286","11,201","55,178","35,687","2,515","111","38"
"10100","","Ž€–S”ylz","2023000000","","2023”N","00110","","’j","00260","","Ž€–SŽÒ_90`94Î","","63,121","-","-","-","-","-","1","2","6","26","34","78","293","992","9,236","35,644","16,127","660","22"
"10100","","Ž€–S”ylz","2023000000","","2023”N","00110","","’j","00270","","Ž€–SŽÒ_95`99Î","","15,020","-","-","-","-","-","1","1","-","2","4","6","44","107","409","3,334","8,796","2,310","6"
"10100","","Ž€–S”ylz","2023000000","","2023”N","00110","","’j","00280","","Ž€–SŽÒ_100ÎˆÈã","","1,079","-","-","-","-","-","-","-","-","1","-","-","1","6","21","81","408","561","-"
"10100","","Ž€–S”ylz","2023000000","","2023”N","00120","","—","00100","","Ž€–SŽÒ_‘”","","164,551","-","12","81","250","507","1,028","1,967","3,191","4,319","5,828","9,354","19,126","24,653","32,903","34,375","21,148","5,665","144"
"10100","","Ž€–S”ylz","2023000000","","2023”N","00120","","—","00110","","Ž€–SŽÒ_15`19Î","","3","-","2","-","-","-","-","-","-","-","-","-","-","-","-","-","-","-","1"
"10100","","Ž€–S”ylz","2023000000","","2023”N","00120","","—","00120","","Ž€–SŽÒ_20`24Î","","23","-","6","9","5","1","1","-","-","1","-","-","-","-","-","-","-","-","-"
"10100","","Ž€–S”ylz","2023000000","","2023”N","00120","","—","00130","","Ž€–SŽÒ_25`29Î","","108","-","1","48","35","14","3","5","1","1","-","-","-","-","-","-","-","-","-"
"10100","","Ž€–S”ylz","2023000000","","2023”N","00120","","—","00140","","Ž€–SŽÒ_30`34Î","","288","-","1","11","130","89","37","11","4","2","3","-","-","-","-","-","-","-","-"
"10100","","Ž€–S”ylz","2023000000","","2023”N","00120","","—","00150","","Ž€–SŽÒ_35`39Î","","584","-","1","6","52","248","170","71","24","7","2","1","1","-","-","-","-","-","1"
"10100","","Ž€–S”ylz","2023000000","","2023”N","00120","","—","00160","","Ž€–SŽÒ_40`44Î","","1,217","-","1","3","18","105","512","376","141","48","8","3","1","-","-","-","-","-","1"
"10100","","Ž€–S”ylz","2023000000","","2023”N","00120","","—","00170","","Ž€–SŽÒ_45`49Î","","2,305","-","-","2","4","33","215","1,026","705","211","71","27","7","2","1","-","-","-","1"
"10100","","Ž€–S”ylz","2023000000","","2023”N","00120","","—","00180","","Ž€–SŽÒ_50`54Î","","3,984","-","-","2","4","11","60","366","1,759","1,242","391","90","40","13","2","3","-","-","1"
"10100","","Ž€–S”ylz","2023000000","","2023”N","00120","","—","00190","","Ž€–SŽÒ_55`59Î","","5,152","-","-","-","-","5","23","84","420","2,136","1,758","538","141","37","8","-","-","-","2"
"10100","","Ž€–S”ylz","2023000000","","2023”N","00120","","—","00200","","Ž€–SŽÒ_60`64Î","","7,276","-","-","-","-","1","6","18","94","501","2,819","2,821","841","138","27","-","4","-","6"
"10100","","Ž€–S”ylz","2023000000","","2023”N","00120","","—","00210","","Ž€–SŽÒ_65`69Î","","11,327","-","-","-","1","-","1","8","27","110","538","4,340","5,096","1,062","114","20","4","-","6"
"10100","","Ž€–S”ylz","2023000000","","2023”N","00120","","—","00220","","Ž€–SŽÒ_70`74Î","","22,207","-","-","-","1","-","-","1","11","45","159","1,064","9,784","9,154","1,815","144","13","3","13"
"10100","","Ž€–S”ylz","2023000000","","2023”N","00120","","—","00230","","Ž€–SŽÒ_75`79Î","","28,604","-","-","-","-","-","-","-","4","12","65","333","2,318","11,213","12,686","1,866","81","10","16"
"10100","","Ž€–S”ylz","2023000000","","2023”N","00120","","—","00240","","Ž€–SŽÒ_80`84Î","","34,443","-","-","-","-","-","-","-","1","2","13","109","652","2,321","15,018","14,611","1,650","43","23"
"10100","","Ž€–S”ylz","2023000000","","2023”N","00120","","—","00250","","Ž€–SŽÒ_85`89Î","","30,313","-","-","-","-","-","-","1","-","-","1","23","198","542","2,634","15,400","10,846","638","30"
"10100","","Ž€–S”ylz","2023000000","","2023”N","00120","","—","00260","","Ž€–SŽÒ_90`94Î","","14,160","-","-","-","-","-","-","-","-","1","-","5","40","147","522","2,112","7,986","3,320","27"
"10100","","Ž€–S”ylz","2023000000","","2023”N","00120","","—","00270","","Ž€–SŽÒ_95`99Î","","2,408","-","-","-","-","-","-","-","-","-","-","-","7","22","73","207","533","1,554","12"
"10100","","Ž€–S”ylz","2023000000","","2023”N","00120","","—","00280","","Ž€–SŽÒ_100ÎˆÈã","","149","-","-","-","-","-","-","-","-","-","-","-","-","2","3","12","31","97","4"
"10100","","Ž€–S”ylz","2022000000","","2022”N","00110","","’j","00100","","Ž€–SŽÒ_‘”","","470,585","4","56","258","609","1,329","2,322","4,479","7,865","12,273","20,589","36,791","76,699","91,395","106,550","78,110","27,561","3,498","197"
"10100","","Ž€–S”ylz","2022000000","","2022”N","00110","","’j","00110","","Ž€–SŽÒ_15`19Î","","1","1","-","-","-","-","-","-","-","-","-","-","-","-","-","-","-","-","-"
"10100","","Ž€–S”ylz","2022000000","","2022”N","00110","","’j","00120","","Ž€–SŽÒ_20`24Î","","39","2","26","9","2","-","-","-","-","-","-","-","-","-","-","-","-","-","-"
"10100","","Ž€–S”ylz","2022000000","","2022”N","00110","","’j","00130","","Ž€–SŽÒ_25`29Î","","141","-","18","102","15","5","-","-","-","1","-","-","-","-","-","-","-","-","-"
"10100","","Ž€–S”ylz","2022000000","","2022”N","00110","","’j","00140","","Ž€–SŽÒ_30`34Î","","371","-","2","66","236","53","8","3","1","-","1","-","-","-","-","-","-","-","1"
"10100","","Ž€–S”ylz","2022000000","","2022”N","00110","","’j","00150","","Ž€–SŽÒ_35`39Î","","778","-","1","30","163","448","112","18","4","1","-","-","-","-","-","-","-","-","1"
"10100","","Ž€–S”ylz","2022000000","","2022”N","00110","","’j","00160","","Ž€–SŽÒ_40`44Î","","1,330","-","5","11","71","336","675","183","38","8","2","-","-","-","-","-","-","-","1"
"10100","","Ž€–S”ylz","2022000000","","2022”N","00110","","’j","00170","","Ž€–SŽÒ_45`49Î","","2,770","-","2","15","37","175","642","1,434","390","56","13","2","1","-","1","-","-","-","2"
"10100","","Ž€–S”ylz","2022000000","","2022”N","00110","","’j","00180","","Ž€–SŽÒ_50`54Î","","4,798","-","-","5","36","117","332","1,317","2,448","456","65","15","3","1","-","-","-","-","3"
"10100","","Ž€–S”ylz","2022000000","","2022”N","00110","","’j","00190","","Ž€–SŽÒ_55`59Î","","7,414","-","1","5","13","71","182","660","2,327","3,549","519","59","21","3","-","-","-","-","4"
"10100","","Ž€–S”ylz","2022000000","","2022”N","00110","","’j","00200","","Ž€–SŽÒ_60`64Î","","13,052","1","-","5","14","39","134","342","1,260","4,313","5,886","863","152","32","2","2","-","-","7"
"10100","","Ž€–S”ylz","2022000000","","2022”N","00110","","’j","00210","","Ž€–SŽÒ_65`69Î","","24,661","-","1","2","9","33","89","227","623","2,119","8,477","10,765","1,961","274","61","8","1","-","11"
"10100","","Ž€–S”ylz","2022000000","","2022”N","00110","","’j","00220","","Ž€–SŽÒ_70`74Î","","56,975","-","-","5","8","31","78","183","466","1,112","4,196","18,972","27,907","3,398","494","90","12","-","23"
"10100","","Ž€–S”ylz","2022000000","","2022”N","00110","","’j","00230","","Ž€–SŽÒ_75`79Î","","73,045","-","-","3","3","18","47","67","199","393","939","4,782","34,102","28,431","3,562","404","55","7","33"
"10100","","Ž€–S”ylz","2022000000","","2022”N","00110","","’j","00240","","Ž€–SŽÒ_80`84Î","","100,986","-","-","-","1","2","15","31","73","180","332","951","10,770","46,336","38,314","3,640","274","36","31"
"10100","","Ž€–S”ylz","2022000000","","2022”N","00110","","’j","00250","","Ž€–SŽÒ_85`89Î","","106,830","-","-","-","1","1","8","9","29","61","124","298","1,421","11,846","54,450","35,912","2,488","136","46"
"10100","","Ž€–S”ylz","2022000000","","2022”N","00110","","’j","00260","","Ž€–SŽÒ_90`94Î","","61,634","-","-","-","-","-","-","5","6","20","28","72","314","935","9,233","34,582","15,769","643","27"
"10100","","Ž€–S”ylz","2022000000","","2022”N","00110","","’j","00270","","Ž€–SŽÒ_95`99Î","","14,636","-","-","-","-","-","-","-","1","4","5","11","43","127","417","3,402","8,536","2,084","6"
"10100","","Ž€–S”ylz","2022000000","","2022”N","00110","","’j","00280","","Ž€–SŽÒ_100ÎˆÈã","","1,124","-","-","-","-","-","-","-","-","-","2","1","4","12","16","70","426","592","1"
"10100","","Ž€–S”ylz","2022000000","","2022”N","00120","","—","00100","","Ž€–SŽÒ_‘”","","164,550","1","18","90","263","536","1,067","2,130","3,144","4,101","6,111","10,003","20,720","23,939","32,241","33,939","20,557","5,570","120"
"10100","","Ž€–S”ylz","2022000000","","2022”N","00120","","—","00110","","Ž€–SŽÒ_15`19Î","","2","1","-","1","-","-","-","-","-","-","-","-","-","-","-","-","-","-","-"
"10100","","Ž€–S”ylz","2022000000","","2022”N","00120","","—","00120","","Ž€–SŽÒ_20`24Î","","27","-","8","7","8","3","-","-","1","-","-","-","-","-","-","-","-","-","-"
"10100","","Ž€–S”ylz","2022000000","","2022”N","00120","","—","00130","","Ž€–SŽÒ_25`29Î","","135","-","4","54","46","14","10","7","-","-","-","-","-","-","-","-","-","-","-"
"10100","","Ž€–S”ylz","2022000000","","2022”N","00120","","—","00140","","Ž€–SŽÒ_30`34Î","","305","-","2","17","151","86","28","13","5","3","-","-","-","-","-","-","-","-","-"
"10100","","Ž€–S”ylz","2022000000","","2022”N","00120","","—","00150","","Ž€–SŽÒ_35`39Î","","625","-","2","6","44","268","174","80","38","8","3","2","-","-","-","-","-","-","-"
"10100","","Ž€–S”ylz","2022000000","","2022”N","00120","","—","00160","","Ž€–SŽÒ_40`44Î","","1,250","-","-","5","7","108","550","387","126","40","19","5","2","-","-","-","-","-","1"
"10100","","Ž€–S”ylz","2022000000","","2022”N","00120","","—","00170","","Ž€–SŽÒ_45`49Î","","2,517","-","1","-","4","42","219","1,162","722","249","80","24","10","1","-","1","-","-","2"
"10100","","Ž€–S”ylz","2022000000","","2022”N","00120","","—","00180","","Ž€–SŽÒ_50`54Î","","3,881","-","1","-","2","12","61","390","1,707","1,148","413","97","35","12","3","-","-","-","-"
"10100","","Ž€–S”ylz","2022000000","","2022”N","00120","","—","00190","","Ž€–SŽÒ_55`59Î","","5,160","-","-","-","1","2","14","70","426","2,081","1,797","572","154","30","6","2","2","-","3"
"10100","","Ž€–S”ylz","2022000000","","2022”N","00120","","—","00200","","Ž€–SŽÒ_60`64Î","","7,532","-","-","-","-","1","5","17","85","420","2,939","2,956","977","104","21","4","1","-","2"
"10100","","Ž€–S”ylz","2022000000","","2022”N","00120","","—","00210","","Ž€–SŽÒ_65`69Î","","12,142","-","-","-","-","-","4","2","17","91","590","4,628","5,784","908","94","16","1","1","6"
"10100","","Ž€–S”ylz","2022000000","","2022”N","00120","","—","00220","","Ž€–SŽÒ_70`74Î","","23,591","-","-","-","-","-","-","1","11","46","165","1,254","10,774","9,230","1,942","142","16","2","8"
"10100","","Ž€–S”ylz","2022000000","","2022”N","00120","","—","00230","","Ž€–SŽÒ_75`79Î","","27,392","-","-","-","-","-","2","1","3","11","74","312","2,126","10,556","12,185","2,015","81","12","14"
"10100","","Ž€–S”ylz","2022000000","","2022”N","00120","","—","00240","","Ž€–SŽÒ_80`84Î","","33,807","-","-","-","-","-","-","-","2","3","25","114","637","2,370","14,719","14,296","1,564","54","23"
"10100","","Ž€–S”ylz","2022000000","","2022”N","00120","","—","00250","","Ž€–SŽÒ_85`89Î","","29,848","-","-","-","-","-","-","-","1","1","4","29","178","570","2,708","15,209","10,434","693","21"
"10100","","Ž€–S”ylz","2022000000","","2022”N","00120","","—","00260","","Ž€–SŽÒ_90`94Î","","13,922","-","-","-","-","-","-","-","-","-","1","10","40","143","492","2,075","7,860","3,273","28"
"10100","","Ž€–S”ylz","2022000000","","2022”N","00120","","—","00270","","Ž€–SŽÒ_95`99Î","","2,299","-","-","-","-","-","-","-","-","-","1","-","3","14","70","169","577","1,454","11"
"10100","","Ž€–S”ylz","2022000000","","2022”N","00120","","—","00280","","Ž€–SŽÒ_100ÎˆÈã","","115","-","-","-","-","-","-","-","-","-","-","-","-","1","1","10","21","81","1"
"10100","","Ž€–S”ylz","2021000000","","2021”N","00110","","’j","00100","","Ž€–SŽÒ_‘”","","440,368","1","61","265","639","1,274","2,312","4,568","7,705","12,024","20,265","37,228","74,521","86,789","96,174","69,841","23,409","2,977","315"
"10100","","Ž€–S”ylz","2021000000","","2021”N","00110","","’j","00110","","Ž€–SŽÒ_15`19Î","","1","-","1","-","-","-","-","-","-","-","-","-","-","-","-","-","-","-","-"
"10100","","Ž€–S”ylz","2021000000","","2021”N","00110","","’j","00120","","Ž€–SŽÒ_20`24Î","","31","-","24","6","-","1","-","-","-","-","-","-","-","-","-","-","-","-","-"
"10100","","Ž€–S”ylz","2021000000","","2021”N","00110","","’j","00130","","Ž€–SŽÒ_25`29Î","","158","-","17","102","23","7","5","2","-","-","-","-","-","-","-","-","-","-","2"
"10100","","Ž€–S”ylz","2021000000","","2021”N","00110","","’j","00140","","Ž€–SŽÒ_30`34Î","","395","-","6","65","245","64","13","-","1","1","-","-","-","-","-","-","-","-","-"
"10100","","Ž€–S”ylz","2021000000","","2021”N","00110","","’j","00150","","Ž€–SŽÒ_35`39Î","","729","1","2","32","155","396","116","20","2","1","3","-","-","-","-","-","-","-","1"
"10100","","Ž€–S”ylz","2021000000","","2021”N","00110","","’j","00160","","Ž€–SŽÒ_40`44Î","","1,354","-","3","19","86","312","684","210","30","7","1","1","-","-","-","-","-","-","1"
"10100","","Ž€–S”ylz","2021000000","","2021”N","00110","","’j","00170","","Ž€–SŽÒ_45`49Î","","2,879","-","2","11","54","175","646","1,552","380","46","7","4","-","-","-","-","-","-","2"
"10100","","Ž€–S”ylz","2021000000","","2021”N","00110","","’j","00180","","Ž€–SŽÒ_50`54Î","","4,558","-","1","10","30","96","345","1,259","2,339","398","57","13","2","-","-","-","-","-","8"
"10100","","Ž€–S”ylz","2021000000","","2021”N","00110","","’j","00190","","Ž€–SŽÒ_55`59Î","","7,405","-","-","4","15","62","176","653","2,340","3,546","519","56","16","5","-","1","-","-","12"
"10100","","Ž€–S”ylz","2021000000","","2021”N","00110","","’j","00200","","Ž€–SŽÒ_60`64Î","","12,826","-","2","7","7","53","118","346","1,207","4,237","5,826","816","152","34","8","2","-","-","11"
"10100","","Ž€–S”ylz","2021000000","","2021”N","00110","","’j","00210","","Ž€–SŽÒ_65`69Î","","25,628","-","3","5","12","42","75","209","639","2,160","8,673","11,337","2,138","249","52","13","3","1","17"
"10100","","Ž€–S”ylz","2021000000","","2021”N","00110","","’j","00220","","Ž€–SŽÒ_70`74Î","","56,482","-","-","3","9","49","80","195","482","1,083","4,023","19,475","27,671","2,821","458","71","13","-","49"
"10100","","Ž€–S”ylz","2021000000","","2021”N","00110","","’j","00230","","Ž€–SŽÒ_75`79Î","","70,074","-","-","-","1","14","34","68","183","354","766","4,368","33,286","26,977","3,459","440","52","7","65"
"10100","","Ž€–S”ylz","2021000000","","2021”N","00110","","’j","00240","","Ž€–SŽÒ_80`84Î","","93,531","-","-","1","2","2","17","39","69","123","277","847","9,622","44,030","34,617","3,562","243","28","52"
"10100","","Ž€–S”ylz","2021000000","","2021”N","00110","","’j","00250","","Ž€–SŽÒ_85`89Î","","97,107","-","-","-","-","1","3","12","28","48","89","236","1,294","11,597","49,145","32,247","2,246","109","52"
"10100","","Ž€–S”ylz","2021000000","","2021”N","00110","","’j","00260","","Ž€–SŽÒ_90`94Î","","54,152","-","-","-","-","-","-","3","5","18","22","65","293","959","8,041","30,593","13,480","636","37"
"10100","","Ž€–S”ylz","2021000000","","2021”N","00110","","’j","00270","","Ž€–SŽÒ_95`99Î","","12,045","-","-","-","-","-","-","-","-","2","2","10","41","114","377","2,833","6,994","1,666","6"
"10100","","Ž€–S”ylz","2021000000","","2021”N","00110","","’j","00280","","Ž€–SŽÒ_100ÎˆÈã","","1,013","-","-","-","-","-","-","-","-","-","-","-","6","3","17","79","378","530","-"
"10100","","Ž€–S”ylz","2021000000","","2021”N","00120","","—","00100","","Ž€–SŽÒ_‘”","","153,717","-","12","108","251","547","1,078","2,058","3,064","4,032","5,907","10,246","20,057","22,733","29,504","31,005","18,183","4,742","190"
"10100","","Ž€–S”ylz","2021000000","","2021”N","00120","","—","00110","","Ž€–SŽÒ_15`19Î","","3","-","2","1","-","-","-","-","-","-","-","-","-","-","-","-","-","-","-"
"10100","","Ž€–S”ylz","2021000000","","2021”N","00120","","—","00120","","Ž€–SŽÒ_20`24Î","","29","-","9","11","4","1","2","-","-","1","1","-","-","-","-","-","-","-","-"
"10100","","Ž€–S”ylz","2021000000","","2021”N","00120","","—","00130","","Ž€–SŽÒ_25`29Î","","117","-","1","57","33","13","11","-","1","1","-","-","-","-","-","-","-","-","-"
"10100","","Ž€–S”ylz","2021000000","","2021”N","00120","","—","00140","","Ž€–SŽÒ_30`34Î","","306","-","-","24","151","74","37","11","5","2","1","1","-","-","-","-","-","-","-"
"10100","","Ž€–S”ylz","2021000000","","2021”N","00120","","—","00150","","Ž€–SŽÒ_35`39Î","","622","-","-","12","43","284","174","76","26","5","1","1","-","-","-","-","-","-","-"
"10100","","Ž€–S”ylz","2021000000","","2021”N","00120","","—","00160","","Ž€–SŽÒ_40`44Î","","1,292","-","-","2","13","116","565","389","147","45","8","2","2","2","-","-","-","-","1"
"10100","","Ž€–S”ylz","2021000000","","2021”N","00120","","—","00170","","Ž€–SŽÒ_45`49Î","","2,390","-","-","-","7","42","203","1,063","731","235","68","30","8","2","-","-","-","-","1"
"10100","","Ž€–S”ylz","2021000000","","2021”N","00120","","—","00180","","Ž€–SŽÒ_50`54Î","","3,901","-","-","-","-","13","64","402","1,695","1,181","388","107","38","9","2","1","1","-","-"
"10100","","Ž€–S”ylz","2021000000","","2021”N","00120","","—","00190","","Ž€–SŽÒ_55`59Î","","5,077","-","-","-","-","3","15","93","353","2,017","1,822","609","124","28","5","4","-","-","4"
"10100","","Ž€–S”ylz","2021000000","","2021”N","00120","","—","00200","","Ž€–SŽÒ_60`64Î","","7,254","-","-","-","-","-","3","17","71","400","2,769","2,978","921","77","12","2","2","-","2"
"10100","","Ž€–S”ylz","2021000000","","2021”N","00120","","—","00210","","Ž€–SŽÒ_65`69Î","","12,431","-","-","1","-","1","2","5","22","94","576","4,805","5,868","916","107","19","2","-","13"
"10100","","Ž€–S”ylz","2021000000","","2021”N","00120","","—","00220","","Ž€–SŽÒ_70`74Î","","22,877","-","-","-","-","-","-","1","10","40","201","1,251","10,560","8,887","1,747","136","20","-","24"
"10100","","Ž€–S”ylz","2021000000","","2021”N","00120","","—","00230","","Ž€–SŽÒ_75`79Î","","25,641","-","-","-","-","-","1","-","-","9","46","312","1,738","9,937","11,563","1,901","94","17","23"
"10100","","Ž€–S”ylz","2021000000","","2021”N","00120","","—","00240","","Ž€–SŽÒ_80`84Î","","30,551","-","-","-","-","-","-","1","2","1","17","120","589","2,167","13,116","13,076","1,382","48","32"
"10100","","Ž€–S”ylz","2021000000","","2021”N","00120","","—","00250","","Ž€–SŽÒ_85`89Î","","27,092","-","-","-","-","-","-","-","1","1","7","26","180","584","2,491","13,895","9,264","600","43"
"10100","","Ž€–S”ylz","2021000000","","2021”N","00120","","—","00260","","Ž€–SŽÒ_90`94Î","","12,062","-","-","-","-","-","1","-","-","-","1","3","27","111","394","1,808","6,859","2,825","33"
"10100","","Ž€–S”ylz","2021000000","","2021”N","00120","","—","00270","","Ž€–SŽÒ_95`99Î","","1,959","-","-","-","-","-","-","-","-","-","1","1","2","12","65","145","529","1,191","13"
"10100","","Ž€–S”ylz","2021000000","","2021”N","00120","","—","00280","","Ž€–SŽÒ_100ÎˆÈã","","113","-","-","-","-","-","-","-","-","-","-","-","-","1","2","18","30","61","1"
"10100","","Ž€–S”ylz","2020000000","","2020”N","00110","","’j","00100","","Ž€–SŽÒ_‘”","","425,560","5","76","289","672","1,319","2,434","4,663","7,284","12,186","20,795","39,314","68,808","88,499","90,951","64,470","21,222","2,416","157"
"10100","","Ž€–S”ylz","2020000000","","2020”N","00110","","’j","00110","","Ž€–SŽÒ_15`19Î","","3","1","2","-","-","-","-","-","-","-","-","-","-","-","-","-","-","-","-"
"10100","","Ž€–S”ylz","2020000000","","2020”N","00110","","’j","00120","","Ž€–SŽÒ_20`24Î","","38","1","25","11","-","-","-","-","1","-","-","-","-","-","-","-","-","-","-"
"10100","","Ž€–S”ylz","2020000000","","2020”N","00110","","’j","00130","","Ž€–SŽÒ_25`29Î","","146","3","17","95","19","7","2","3","-","-","-","-","-","-","-","-","-","-","-"
"10100","","Ž€–S”ylz","2020000000","","2020”N","00110","","’j","00140","","Ž€–SŽÒ_30`34Î","","400","-","9","74","226","74","10","7","-","-","-","-","-","-","-","-","-","-","-"
"10100","","Ž€–S”ylz","2020000000","","2020”N","00110","","’j","00150","","Ž€–SŽÒ_35`39Î","","752","-","8","35","170","397","110","27","3","2","-","-","-","-","-","-","-","-","-"
"10100","","Ž€–S”ylz","2020000000","","2020”N","00110","","’j","00160","","Ž€–SŽÒ_40`44Î","","1,485","-","1","20","94","357","762","207","33","7","1","-","-","-","-","-","-","-","3"
"10100","","Ž€–S”ylz","2020000000","","2020”N","00110","","’j","00170","","Ž€–SŽÒ_45`49Î","","2,916","-","1","17","55","202","712","1,539","325","52","9","1","-","-","-","-","-","-","3"
"10100","","Ž€–S”ylz","2020000000","","2020”N","00110","","’j","00180","","Ž€–SŽÒ_50`54Î","","4,460","-","1","12","35","83","318","1,319","2,217","402","59","11","2","-","-","-","-","-","1"
"10100","","Ž€–S”ylz","2020000000","","2020”N","00110","","’j","00190","","Ž€–SŽÒ_55`59Î","","7,518","-","4","9","29","64","167","697","2,380","3,553","510","79","20","2","-","-","-","-","4"
"10100","","Ž€–S”ylz","2020000000","","2020”N","00110","","’j","00200","","Ž€–SŽÒ_60`64Î","","13,364","-","4","7","12","53","123","350","1,107","4,461","6,098","923","180","35","4","1","-","-","6"
"10100","","Ž€–S”ylz","2020000000","","2020”N","00110","","’j","00210","","Ž€–SŽÒ_65`69Î","","27,474","-","2","5","13","37","108","247","600","2,329","9,171","12,338","2,237","308","67","5","-","-","7"
"10100","","Ž€–S”ylz","2020000000","","2020”N","00110","","’j","00220","","Ž€–SŽÒ_70`74Î","","52,446","-","1","1","12","25","75","166","385","928","3,827","19,808","24,129","2,618","378","66","4","-","23"
"10100","","Ž€–S”ylz","2020000000","","2020”N","00110","","’j","00230","","Ž€–SŽÒ_75`79Î","","72,382","-","1","-","6","13","35","66","149","294","769","4,897","33,089","29,262","3,330","368","65","9","29"
"10100","","Ž€–S”ylz","2020000000","","2020”N","00110","","’j","00240","","Ž€–SŽÒ_80`84Î","","89,930","-","-","2","1","5","8","24","57","95","226","929","7,738","44,311","32,851","3,355","265","30","33"
"10100","","Ž€–S”ylz","2020000000","","2020”N","00110","","’j","00250","","Ž€–SŽÒ_85`89Î","","91,389","-","-","-","-","2","2","8","22","49","105","239","1,137","10,987","46,477","30,200","2,032","101","28"
"10100","","Ž€–S”ylz","2020000000","","2020”N","00110","","’j","00260","","Ž€–SŽÒ_90`94Î","","49,586","-","-","1","-","-","2","3","5","13","17","75","248","876","7,478","27,895","12,383","575","15"
"10100","","Ž€–S”ylz","2020000000","","2020”N","00110","","’j","00270","","Ž€–SŽÒ_95`99Î","","10,373","-","-","-","-","-","-","-","-","1","3","14","26","94","347","2,515","6,076","1,292","5"
"10100","","Ž€–S”ylz","2020000000","","2020”N","00110","","’j","00280","","Ž€–SŽÒ_100ÎˆÈã","","898","-","-","-","-","-","-","-","-","-","-","-","2","6","19","65","397","409","-"
"10100","","Ž€–S”ylz","2020000000","","2020”N","00120","","—","00100","","Ž€–SŽÒ_‘”","","148,764","-","19","75","244","590","1,106","2,144","2,957","4,160","5,970","10,911","18,424","23,383","28,386","29,324","16,913","4,057","101"
"10100","","Ž€–S”ylz","2020000000","","2020”N","00120","","—","00110","","Ž€–SŽÒ_15`19Î","","1","-","-","-","1","-","-","-","-","-","-","-","-","-","-","-","-","-","-"
"10100","","Ž€–S”ylz","2020000000","","2020”N","00120","","—","00120","","Ž€–SŽÒ_20`24Î","","30","-","11","6","5","4","-","2","2","-","-","-","-","-","-","-","-","-","-"
"10100","","Ž€–S”ylz","2020000000","","2020”N","00120","","—","00130","","Ž€–SŽÒ_25`29Î","","109","-","5","41","32","13","6","7","4","1","-","-","-","-","-","-","-","-","-"
"10100","","Ž€–S”ylz","2020000000","","2020”N","00120","","—","00140","","Ž€–SŽÒ_30`34Î","","288","-","-","17","131","89","25","17","6","-","1","1","-","-","-","-","-","-","1"
"10100","","Ž€–S”ylz","2020000000","","2020”N","00120","","—","00150","","Ž€–SŽÒ_35`39Î","","666","-","1","7","47","310","195","67","25","11","3","-","-","-","-","-","-","-","-"
"10100","","Ž€–S”ylz","2020000000","","2020”N","00120","","—","00160","","Ž€–SŽÒ_40`44Î","","1,312","-","2","1","20","110","590","401","132","39","14","1","2","-","-","-","-","-","-"
"10100","","Ž€–S”ylz","2020000000","","2020”N","00120","","—","00170","","Ž€–SŽÒ_45`49Î","","2,584","-","-","1","4","41","222","1,182","749","275","65","27","13","1","2","1","-","1","-"
"10100","","Ž€–S”ylz","2020000000","","2020”N","00120","","—","00180","","Ž€–SŽÒ_50`54Î","","3,790","-","-","1","4","16","53","371","1,601","1,188","382","124","42","5","2","-","-","-","1"
"10100","","Ž€–S”ylz","2020000000","","2020”N","00120","","—","00190","","Ž€–SŽÒ_55`59Î","","5,135","-","-","-","-","3","10","80","345","2,119","1,811","605","122","25","10","2","-","-","3"
"10100","","Ž€–S”ylz","2020000000","","2020”N","00120","","—","00200","","Ž€–SŽÒ_60`64Î","","7,411","-","-","-","-","2","4","13","60","378","2,822","3,121","892","96","19","3","-","-","1"
"10100","","Ž€–S”ylz","2020000000","","2020”N","00120","","—","00210","","Ž€–SŽÒ_65`69Î","","12,945","-","-","-","-","-","-","2","25","89","575","5,085","5,964","1,078","92","25","7","-","3"
"10100","","Ž€–S”ylz","2020000000","","2020”N","00120","","—","00220","","Ž€–SŽÒ_70`74Î","","21,125","-","-","-","-","1","1","-","7","46","217","1,433","9,149","8,738","1,380","133","10","5","5"
"10100","","Ž€–S”ylz","2020000000","","2020”N","00120","","—","00230","","Ž€–SŽÒ_75`79Î","","26,035","-","-","-","-","-","-","-","-","10","58","364","1,561","10,664","11,392","1,888","80","7","11"
"10100","","Ž€–S”ylz","2020000000","","2020”N","00120","","—","00240","","Ž€–SŽÒ_80`84Î","","29,205","-","-","1","-","1","-","-","1","3","14","118","496","2,080","12,581","12,456","1,391","44","19"
"10100","","Ž€–S”ylz","2020000000","","2020”N","00120","","—","00250","","Ž€–SŽÒ_85`89Î","","25,350","-","-","-","-","-","-","1","-","1","5","31","150","557","2,448","13,009","8,550","571","27"
"10100","","Ž€–S”ylz","2020000000","","2020”N","00120","","—","00260","","Ž€–SŽÒ_90`94Î","","11,003","-","-","-","-","-","-","1","-","-","3","1","29","125","400","1,648","6,382","2,396","18"
"10100","","Ž€–S”ylz","2020000000","","2020”N","00120","","—","00270","","Ž€–SŽÒ_95`99Î","","1,683","-","-","-","-","-","-","-","-","-","-","-","3","14","58","150","466","981","11"
"10100","","Ž€–S”ylz","2020000000","","2020”N","00120","","—","00280","","Ž€–SŽÒ_100ÎˆÈã","","92","-","-","-","-","-","-","-","-","-","-","-","1","-","2","9","27","52","1"
"10100","","Ž€–S”ylz","2019000000","","2019”N","00110","","’j","00100","","Ž€–SŽÒ_‘”","","427,986","1","73","293","694","1,337","2,559","4,689","7,596","12,449","21,739","42,964","66,244","90,406","91,495","62,927","20,193","2,175","152"
"10100","","Ž€–S”ylz","2019000000","","2019”N","00110","","’j","00110","","Ž€–SŽÒ_15`19Î","","-","-","-","-","-","-","-","-","-","-","-","-","-","-","-","-","-","-","-"
"10100","","Ž€–S”ylz","2019000000","","2019”N","00110","","’j","00120","","Ž€–SŽÒ_20`24Î","","49","1","34","9","2","1","1","-","-","-","-","-","-","-","-","-","-","-","1"
"10100","","Ž€–S”ylz","2019000000","","2019”N","00110","","’j","00130","","Ž€–SŽÒ_25`29Î","","149","-","15","99","24","9","2","-","-","-","-","-","-","-","-","-","-","-","-"
"10100","","Ž€–S”ylz","2019000000","","2019”N","00110","","’j","00140","","Ž€–SŽÒ_30`34Î","","371","-","9","72","222","55","10","2","-","-","-","-","-","-","-","-","-","-","1"
"10100","","Ž€–S”ylz","2019000000","","2019”N","00110","","’j","00150","","Ž€–SŽÒ_35`39Î","","804","-","3","41","191","410","125","22","9","1","-","-","-","-","-","-","-","-","2"
"10100","","Ž€–S”ylz","2019000000","","2019”N","00110","","’j","00160","","Ž€–SŽÒ_40`44Î","","1,534","-","3","26","100","359","793","210","34","6","1","-","-","-","1","-","-","-","1"
"10100","","Ž€–S”ylz","2019000000","","2019”N","00110","","’j","00170","","Ž€–SŽÒ_45`49Î","","2,926","-","-","13","57","194","758","1,523","321","52","6","2","-","-","-","-","-","-","-"
"10100","","Ž€–S”ylz","2019000000","","2019”N","00110","","’j","00180","","Ž€–SŽÒ_50`54Î","","4,609","-","3","7","29","106","359","1,374","2,286","385","48","8","1","-","-","-","-","-","3"
"10100","","Ž€–S”ylz","2019000000","","2019”N","00110","","’j","00190","","Ž€–SŽÒ_55`59Î","","7,646","-","1","6","20","59","204","669","2,492","3,540","525","98","20","6","1","-","-","-","5"
"10100","","Ž€–S”ylz","2019000000","","2019”N","00110","","’j","00200","","Ž€–SŽÒ_60`64Î","","14,147","-","4","8","16","40","114","365","1,280","4,726","6,337","1,021","190","31","9","2","-","-","4"
"10100","","Ž€–S”ylz","2019000000","","2019”N","00110","","’j","00210","","Ž€–SŽÒ_65`69Î","","30,348","-","-","3","18","44","105","256","635","2,396","9,958","14,005","2,494","350","61","11","2","-","10"
"10100","","Ž€–S”ylz","2019000000","","2019”N","00110","","’j","00220","","Ž€–SŽÒ_70`74Î","","50,823","-","-","5","10","44","53","160","352","903","3,743","20,505","21,968","2,658","339","59","9","-","15"
"10100","","Ž€–S”ylz","2019000000","","2019”N","00110","","’j","00230","","Ž€–SŽÒ_75`79Î","","73,290","-","1","2","4","12","21","69","127","281","750","6,012","32,561","29,924","3,064","370","57","9","26"
"10100","","Ž€–S”ylz","2019000000","","2019”N","00110","","’j","00240","","Ž€–SŽÒ_80`84Î","","92,347","-","-","2","1","4","10","25","40","104","246","943","7,679","45,961","33,645","3,382","233","38","34"
"10100","","Ž€–S”ylz","2019000000","","2019”N","00110","","’j","00250","","Ž€–SŽÒ_85`89Î","","90,526","-","-","-","-","-","3","11","12","43","92","276","1,066","10,528","46,715","29,668","1,983","96","33"
"10100","","Ž€–S”ylz","2019000000","","2019”N","00110","","’j","00260","","Ž€–SŽÒ_90`94Î","","48,012","-","-","-","-","-","1","2","7","9","27","86","241","861","7,309","27,004","11,958","495","12"
"10100","","Ž€–S”ylz","2019000000","","2019”N","00110","","’j","00270","","Ž€–SŽÒ_95`99Î","","9,597","-","-","-","-","-","-","1","1","3","6","7","24","83","337","2,380","5,578","1,172","5"
"10100","","Ž€–S”ylz","2019000000","","2019”N","00110","","’j","00280","","Ž€–SŽÒ_100ÎˆÈã","","808","-","-","-","-","-","-","-","-","-","-","1","-","4","14","51","373","365","-"
"10100","","Ž€–S”ylz","2019000000","","2019”N","00120","","—","00100","","Ž€–SŽÒ_‘”","","148,782","-","16","83","255","598","1,148","2,171","2,898","4,260","6,446","11,959","17,686","23,705","28,799","28,963","16,009","3,663","123"
"10100","","Ž€–S”ylz","2019000000","","2019”N","00120","","—","00110","","Ž€–SŽÒ_15`19Î","","-","-","-","-","-","-","-","-","-","-","-","-","-","-","-","-","-","-","-"
"10100","","Ž€–S”ylz","2019000000","","2019”N","00120","","—","00120","","Ž€–SŽÒ_20`24Î","","31","-","9","8","9","3","2","-","-","-","-","-","-","-","-","-","-","-","-"
"10100","","Ž€–S”ylz","2019000000","","2019”N","00120","","—","00130","","Ž€–SŽÒ_25`29Î","","121","-","4","47","36","25","7","1","1","-","-","-","-","-","-","-","-","-","-"
"10100","","Ž€–S”ylz","2019000000","","2019”N","00120","","—","00140","","Ž€–SŽÒ_30`34Î","","289","-","2","17","130","85","33","13","5","2","2","-","-","-","-","-","-","-","-"
"10100","","Ž€–S”ylz","2019000000","","2019”N","00120","","—","00150","","Ž€–SŽÒ_35`39Î","","703","-","-","8","54","322","194","96","17","5","1","1","1","1","-","-","-","-","3"
"10100","","Ž€–S”ylz","2019000000","","2019”N","00120","","—","00160","","Ž€–SŽÒ_40`44Î","","1,374","-","-","2","17","123","608","427","135","48","6","6","2","-","-","-","-","-","-"
"10100","","Ž€–S”ylz","2019000000","","2019”N","00120","","—","00170","","Ž€–SŽÒ_45`49Î","","2,615","-","-","-","6","30","225","1,207","775","283","61","19","3","3","-","-","-","-","3"
"10100","","Ž€–S”ylz","2019000000","","2019”N","00120","","—","00180","","Ž€–SŽÒ_50`54Î","","3,697","-","1","1","2","5","61","334","1,555","1,222","369","105","32","4","2","1","-","-","3"
"10100","","Ž€–S”ylz","2019000000","","2019”N","00120","","—","00190","","Ž€–SŽÒ_55`59Î","","5,332","-","-","-","1","3","12","69","301","2,121","2,023","631","138","21","9","1","-","1","1"
"10100","","Ž€–S”ylz","2019000000","","2019”N","00120","","—","00200","","Ž€–SŽÒ_60`64Î","","7,930","-","-","-","-","1","3","15","77","420","3,008","3,414","852","112","18","5","1","-","4"
"10100","","Ž€–S”ylz","2019000000","","2019”N","00120","","—","00210","","Ž€–SŽÒ_65`69Î","","14,236","-","-","-","-","-","1","9","22","98","639","5,810","6,343","1,163","120","19","7","1","4"
"10100","","Ž€–S”ylz","2019000000","","2019”N","00120","","—","00220","","Ž€–SŽÒ_70`74Î","","19,954","-","-","-","-","-","2","-","7","50","231","1,403","8,143","8,713","1,272","108","11","3","11"
"10100","","Ž€–S”ylz","2019000000","","2019”N","00120","","—","00230","","Ž€–SŽÒ_75`79Î","","26,210","-","-","-","-","-","-","-","3","8","78","409","1,539","10,920","11,419","1,730","88","7","9"
"10100","","Ž€–S”ylz","2019000000","","2019”N","00120","","—","00240","","Ž€–SŽÒ_80`84Î","","29,420","-","-","-","-","1","-","-","-","3","19","123","472","2,072","13,008","12,408","1,235","50","29"
"10100","","Ž€–S”ylz","2019000000","","2019”N","00120","","—","00250","","Ž€–SŽÒ_85`89Î","","24,783","-","-","-","-","-","-","-","-","-","6","35","131","552","2,499","12,858","8,159","514","29"
"10100","","Ž€–S”ylz","2019000000","","2019”N","00120","","—","00260","","Ž€–SŽÒ_90`94Î","","10,536","-","-","-","-","-","-","-","-","-","3","2","27","132","408","1,654","6,033","2,260","17"
"10100","","Ž€–S”ylz","2019000000","","2019”N","00120","","—","00270","","Ž€–SŽÒ_95`99Î","","1,475","-","-","-","-","-","-","-","-","-","-","1","2","12","43","168","452","789","8"
"10100","","Ž€–S”ylz","2019000000","","2019”N","00120","","—","00280","","Ž€–SŽÒ_100ÎˆÈã","","76","-","-","-","-","-","-","-","-","-","-","-","1","-","1","11","23","38","2"
"10100","","Ž€–S”ylz","2018000000","","2018”N","00110","","’j","00100","","Ž€–SŽÒ_‘”","","427,389","6","91","291","793","1,449","2,745","4,969","7,708","12,690","22,642","47,121","65,091","87,059","92,503","61,248","18,908","1,918","157"
"10100","","Ž€–S”ylz","2018000000","","2018”N","00110","","’j","00110","","Ž€–SŽÒ_15`19Î","","1","1","-","-","-","-","-","-","-","-","-","-","-","-","-","-","-","-","-"
"10100","","Ž€–S”ylz","2018000000","","2018”N","00110","","’j","00120","","Ž€–SŽÒ_20`24Î","","49","1","40","5","2","1","-","-","-","-","-","-","-","-","-","-","-","-","-"
"10100","","Ž€–S”ylz","2018000000","","2018”N","00110","","’j","00130","","Ž€–SŽÒ_25`29Î","","155","1","14","100","35","4","-","1","-","-","-","-","-","-","-","-","-","-","-"
"10100","","Ž€–S”ylz","2018000000","","2018”N","00110","","’j","00140","","Ž€–SŽÒ_30`34Î","","455","-","19","73","273","73","14","2","1","-","-","-","-","-","-","-","-","-","-"
"10100","","Ž€–S”ylz","2018000000","","2018”N","00110","","’j","00150","","Ž€–SŽÒ_35`39Î","","825","-","3","41","192","462","104","18","4","1","-","-","-","-","-","-","-","-","-"
"10100","","Ž€–S”ylz","2018000000","","2018”N","00110","","’j","00160","","Ž€–SŽÒ_40`44Î","","1,716","-","5","28","108","376","930","217","40","9","1","-","-","-","-","-","-","-","2"
"10100","","Ž€–S”ylz","2018000000","","2018”N","00110","","’j","00170","","Ž€–SŽÒ_45`49Î","","2,966","1","1","15","57","199","784","1,563","291","44","5","4","1","-","-","-","-","-","1"
"10100","","Ž€–S”ylz","2018000000","","2018”N","00110","","’j","00180","","Ž€–SŽÒ_50`54Î","","4,683","1","-","11","35","88","373","1,475","2,265","359","61","14","-","-","-","-","-","-","1"
"10100","","Ž€–S”ylz","2018000000","","2018”N","00110","","’j","00190","","Ž€–SŽÒ_55`59Î","","7,876","-","3","6","18","81","211","724","2,581","3,618","511","95","21","3","-","1","-","-","3"
"10100","","Ž€–S”ylz","2018000000","","2018”N","00110","","’j","00200","","Ž€–SŽÒ_60`64Î","","14,868","-","3","4","26","62","133","396","1,320","4,972","6,642","1,057","191","44","9","1","-","-","8"
"10100","","Ž€–S”ylz","2018000000","","2018”N","00110","","’j","00210","","Ž€–SŽÒ_65`69Î","","33,793","-","2","5","25","57","96","299","672","2,516","11,000","16,183","2,508","325","79","8","2","-","16"
"10100","","Ž€–S”ylz","2018000000","","2018”N","00110","","’j","00220","","Ž€–SŽÒ_70`74Î","","50,258","1","-","3","17","35","61","174","346","759","3,365","21,738","20,602","2,724","343","65","9","1","15"
"10100","","Ž€–S”ylz","2018000000","","2018”N","00110","","’j","00230","","Ž€–SŽÒ_75`79Î","","71,261","-","1","-","5","9","29","65","123","272","706","6,606","31,806","28,023","3,148","389","45","5","29"
"10100","","Ž€–S”ylz","2018000000","","2018”N","00110","","’j","00240","","Ž€–SŽÒ_80`84Î","","93,559","-","-","-","-","1","9","28","44","88","251","1,035","8,569","44,975","34,813","3,449","239","28","30"
"10100","","Ž€–S”ylz","2018000000","","2018”N","00110","","’j","00250","","Ž€–SŽÒ_85`89Î","","89,621","-","-","-","-","-","1","5","17","33","80","305","1,125","10,112","46,476","29,312","2,028","92","35"
"10100","","Ž€–S”ylz","2018000000","","2018”N","00110","","’j","00260","","Ž€–SŽÒ_90`94Î","","45,525","-","-","-","-","1","-","2","2","17","17","71","242","771","7,318","25,526","11,075","472","11"
"10100","","Ž€–S”ylz","2018000000","","2018”N","00110","","’j","00270","","Ž€–SŽÒ_95`99Î","","8,954","-","-","-","-","-","-","-","2","2","3","13","23","78","304","2,429","5,135","959","6"
"10100","","Ž€–S”ylz","2018000000","","2018”N","00110","","’j","00280","","Ž€–SŽÒ_100ÎˆÈã","","824","-","-","-","-","-","-","-","-","-","-","-","3","4","13","68","375","361","-"
"10100","","Ž€–S”ylz","2018000000","","2018”N","00120","","—","00100","","Ž€–SŽÒ_‘”","","148,260","-","21","78","291","568","1,228","2,113","2,900","4,307","6,631","13,061","17,285","23,182","29,264","28,291","15,518","3,408","114"
"10100","","Ž€–S”ylz","2018000000","","2018”N","00120","","—","00110","","Ž€–SŽÒ_15`19Î","","1","-","1","-","-","-","-","-","-","-","-","-","-","-","-","-","-","-","-"
"10100","","Ž€–S”ylz","2018000000","","2018”N","00120","","—","00120","","Ž€–SŽÒ_20`24Î","","23","-","11","4","2","2","2","2","-","-","-","-","-","-","-","-","-","-","-"
"10100","","Ž€–S”ylz","2018000000","","2018”N","00120","","—","00130","","Ž€–SŽÒ_25`29Î","","110","-","6","44","37","13","7","1","2","-","-","-","-","-","-","-","-","-","-"
"10100","","Ž€–S”ylz","2018000000","","2018”N","00120","","—","00140","","Ž€–SŽÒ_30`34Î","","353","-","2","25","154","104","47","14","5","2","-","-","-","-","-","-","-","-","-"
"10100","","Ž€–S”ylz","2018000000","","2018”N","00120","","—","00150","","Ž€–SŽÒ_35`39Î","","684","-","1","2","64","287","210","83","25","10","1","-","1","-","-","-","-","-","-"
"10100","","Ž€–S”ylz","2018000000","","2018”N","00120","","—","00160","","Ž€–SŽÒ_40`44Î","","1,443","-","-","2","26","111","664","447","138","42","9","4","-","-","-","-","-","-","-"
"10100","","Ž€–S”ylz","2018000000","","2018”N","00120","","—","00170","","Ž€–SŽÒ_45`49Î","","2,582","-","-","1","6","37","215","1,141","805","268","76","23","6","1","-","1","-","-","2"
"10100","","Ž€–S”ylz","2018000000","","2018”N","00120","","—","00180","","Ž€–SŽÒ_50`54Î","","3,752","-","-","-","1","8","63","321","1,516","1,305","376","120","28","5","3","-","-","-","6"
"10100","","Ž€–S”ylz","2018000000","","2018”N","00120","","—","00190","","Ž€–SŽÒ_55`59Î","","5,292","-","-","-","1","2","15","77","291","2,099","2,006","662","108","21","6","1","-","-","3"
"10100","","Ž€–S”ylz","2018000000","","2018”N","00120","","—","00200","","Ž€–SŽÒ_60`64Î","","8,158","-","-","-","-","2","3","15","74","414","3,075","3,691","774","85","15","5","2","-","3"
"10100","","Ž€–S”ylz","2018000000","","2018”N","00120","","—","00210","","Ž€–SŽÒ_65`69Î","","15,355","-","-","-","-","2","1","7","31","103","783","6,466","6,453","1,343","133","17","9","1","6"
"10100","","Ž€–S”ylz","2018000000","","2018”N","00120","","—","00220","","Ž€–SŽÒ_70`74Î","","19,729","-","-","-","-","-","1","4","9","46","228","1,505","7,682","8,621","1,524","89","10","1","9"
"10100","","Ž€–S”ylz","2018000000","","2018”N","00120","","—","00230","","Ž€–SŽÒ_75`79Î","","25,548","-","-","-","-","-","-","-","4","16","55","405","1,625","10,411","11,299","1,639","70","7","17"
"10100","","Ž€–S”ylz","2018000000","","2018”N","00120","","—","00240","","Ž€–SŽÒ_80`84Î","","29,744","-","-","-","-","-","-","-","-","1","19","149","425","2,039","13,500","12,253","1,297","41","20"
"10100","","Ž€–S”ylz","2018000000","","2018”N","00120","","—","00250","","Ž€–SŽÒ_85`89Î","","24,176","-","-","-","-","-","-","-","-","1","3","30","155","523","2,360","12,625","7,928","526","25"
"10100","","Ž€–S”ylz","2018000000","","2018”N","00120","","—","00260","","Ž€–SŽÒ_90`94Î","","9,878","-","-","-","-","-","-","1","-","-","-","6","24","119","378","1,483","5,785","2,065","17"
"10100","","Ž€–S”ylz","2018000000","","2018”N","00120","","—","00270","","Ž€–SŽÒ_95`99Î","","1,349","-","-","-","-","-","-","-","-","-","-","-","3","13","42","169","403","715","4"
"10100","","Ž€–S”ylz","2018000000","","2018”N","00120","","—","00280","","Ž€–SŽÒ_100ÎˆÈã","","83","-","-","-","-","-","-","-","-","-","-","-","1","1","4","9","14","52","2"
"10100","","Ž€–S”ylz","2017000000","","2017”N","00110","","’j","00100","","Ž€–SŽÒ_‘”","","426,740","7","94","292","774","1,583","2,898","5,110","7,992","13,056","24,142","51,143","63,627","86,607","91,238","58,850","17,394","1,747","186"
"10100","","Ž€–S”ylz","2017000000","","2017”N","00110","","’j","00110","","Ž€–SŽÒ_15`19Î","","3","2","1","-","-","-","-","-","-","-","-","-","-","-","-","-","-","-","-"
"10100","","Ž€–S”ylz","2017000000","","2017”N","00110","","’j","00120","","Ž€–SŽÒ_20`24Î","","48","4","32","9","2","-","-","-","1","-","-","-","-","-","-","-","-","-","-"
"10100","","Ž€–S”ylz","2017000000","","2017”N","00110","","’j","00130","","Ž€–SŽÒ_25`29Î","","163","-","32","103","24","3","-","1","-","-","-","-","-","-","-","-","-","-","-"
"10100","","Ž€–S”ylz","2017000000","","2017”N","00110","","’j","00140","","Ž€–SŽÒ_30`34Î","","456","-","12","83","257","83","17","4","-","-","-","-","-","-","-","-","-","-","-"
"10100","","Ž€–S”ylz","2017000000","","2017”N","00110","","’j","00150","","Ž€–SŽÒ_35`39Î","","883","-","6","34","192","474","144","26","6","1","-","-","-","-","-","-","-","-","-"
"10100","","Ž€–S”ylz","2017000000","","2017”N","00110","","’j","00160","","Ž€–SŽÒ_40`44Î","","1,779","-","3","26","100","452","928","227","32","10","1","-","-","-","-","-","-","-","-"
"10100","","Ž€–S”ylz","2017000000","","2017”N","00110","","’j","00170","","Ž€–SŽÒ_45`49Î","","3,093","1","-","9","78","216","840","1,590","292","50","10","3","1","-","-","-","-","-","3"
"10100","","Ž€–S”ylz","2017000000","","2017”N","00110","","’j","00180","","Ž€–SŽÒ_50`54Î","","4,813","-","4","12","38","107","405","1,527","2,322","345","34","15","2","-","-","-","-","-","2"
"10100","","Ž€–S”ylz","2017000000","","2017”N","00110","","’j","00190","","Ž€–SŽÒ_55`59Î","","8,296","-","2","6","24","82","212","800","2,778","3,706","557","95","25","3","-","-","-","-","6"
"10100","","Ž€–S”ylz","2017000000","","2017”N","00110","","’j","00200","","Ž€–SŽÒ_60`64Î","","15,833","-","-","3","30","56","140","392","1,369","5,216","7,066","1,311","191","46","5","1","-","-","7"
"10100","","Ž€–S”ylz","2017000000","","2017”N","00110","","’j","00210","","Ž€–SŽÒ_65`69Î","","37,480","-","1","4","15","56","124","298","727","2,747","12,293","18,367","2,375","370","67","13","2","1","20"
"10100","","Ž€–S”ylz","2017000000","","2017”N","00110","","’j","00220","","Ž€–SŽÒ_70`74Î","","49,397","-","1","3","11","36","55","152","278","623","3,166","22,645","19,334","2,646","346","68","12","-","21"
"10100","","Ž€–S”ylz","2017000000","","2017”N","00110","","’j","00230","","Ž€–SŽÒ_75`79Î","","71,182","-","-","-","3","13","23","61","107","222","669","7,123","31,293","28,009","3,208","358","50","3","40"
"10100","","Ž€–S”ylz","2017000000","","2017”N","00110","","’j","00240","","Ž€–SŽÒ_80`84Î","","94,356","-","-","-","-","5","9","18","60","95","230","1,173","9,033","44,707","35,319","3,373","266","28","40"
"10100","","Ž€–S”ylz","2017000000","","2017”N","00110","","’j","00250","","Ž€–SŽÒ_85`89Î","","86,922","-","-","-","-","-","1","8","13","26","86","325","1,134","9,944","44,994","28,342","1,917","95","37"
"10100","","Ž€–S”ylz","2017000000","","2017”N","00110","","’j","00260","","Ž€–SŽÒ_90`94Î","","42,284","-","-","-","-","-","-","6","7","14","26","72","201","799","6,923","24,108","9,709","413","6"
"10100","","Ž€–S”ylz","2017000000","","2017”N","00110","","’j","00270","","Ž€–SŽÒ_95`99Î","","8,921","-","-","-","-","-","-","-","-","1","3","12","35","77","360","2,510","5,071","848","4"
"10100","","Ž€–S”ylz","2017000000","","2017”N","00110","","’j","00280","","Ž€–SŽÒ_100ÎˆÈã","","831","-","-","-","-","-","-","-","-","-","1","2","3","6","16","77","367","359","-"
"10100","","Ž€–S”ylz","2017000000","","2017”N","00120","","—","00100","","Ž€–SŽÒ_‘”","","145,538","-","9","78","298","588","1,283","2,052","2,966","4,301","7,152","14,039","16,588","22,690","28,650","27,132","14,274","3,330","108"
"10100","","Ž€–S”ylz","2017000000","","2017”N","00120","","—","00110","","Ž€–SŽÒ_15`19Î","","-","-","-","-","-","-","-","-","-","-","-","-","-","-","-","-","-","-","-"
"10100","","Ž€–S”ylz","2017000000","","2017”N","00120","","—","00120","","Ž€–SŽÒ_20`24Î","","18","-","7","4","2","2","3","-","-","-","-","-","-","-","-","-","-","-","-"
"10100","","Ž€–S”ylz","2017000000","","2017”N","00120","","—","00130","","Ž€–SŽÒ_25`29Î","","110","-","1","43","38","14","10","4","-","-","-","-","-","-","-","-","-","-","-"
"10100","","Ž€–S”ylz","2017000000","","2017”N","00120","","—","00140","","Ž€–SŽÒ_30`34Î","","362","-","1","19","167","101","48","16","7","3","-","-","-","-","-","-","-","-","-"
"10100","","Ž€–S”ylz","2017000000","","2017”N","00120","","—","00150","","Ž€–SŽÒ_35`39Î","","678","-","-","5","63","297","209","73","20","10","1","-","-","-","-","-","-","-","-"
"10100","","Ž€–S”ylz","2017000000","","2017”N","00120","","—","00160","","Ž€–SŽÒ_40`44Î","","1,557","-","-","5","22","131","695","474","156","46","9","12","5","1","-","-","-","-","1"
"10100","","Ž€–S”ylz","2017000000","","2017”N","00120","","—","00170","","Ž€–SŽÒ_45`49Î","","2,581","-","-","2","2","31","235","1,103","845","251","78","24","5","4","-","-","-","-","1"
"10100","","Ž€–S”ylz","2017000000","","2017”N","00120","","—","00180","","Ž€–SŽÒ_50`54Î","","3,731","-","-","-","3","8","67","289","1,505","1,303","419","116","14","5","-","-","-","-","2"
"10100","","Ž€–S”ylz","2017000000","","2017”N","00120","","—","00190","","Ž€–SŽÒ_55`59Î","","5,464","-","-","-","-","3","9","71","307","2,085","2,193","655","107","24","4","2","1","-","3"
"10100","","Ž€–S”ylz","2017000000","","2017”N","00120","","—","00200","","Ž€–SŽÒ_60`64Î","","8,543","-","-","-","-","1","4","15","78","417","3,261","3,983","662","90","26","4","1","-","1"
"10100","","Ž€–S”ylz","2017000000","","2017”N","00120","","—","00210","","Ž€–SŽÒ_65`69Î","","16,608","-","-","-","-","-","1","5","35","124","868","7,257","6,614","1,524","149","20","3","1","7"
"10100","","Ž€–S”ylz","2017000000","","2017”N","00120","","—","00220","","Ž€–SŽÒ_70`74Î","","18,678","-","-","-","-","-","1","-","10","44","223","1,417","6,933","8,343","1,566","110","19","1","11"
"10100","","Ž€–S”ylz","2017000000","","2017”N","00120","","—","00230","","Ž€–SŽÒ_75`79Î","","24,678","-","-","-","1","-","-","2","2","14","76","396","1,602","9,996","10,910","1,581","80","5","13"
"10100","","Ž€–S”ylz","2017000000","","2017”N","00120","","—","00240","","Ž€–SŽÒ_80`84Î","","28,969","-","-","-","-","-","1","-","-","3","17","146","482","2,078","13,160","11,799","1,214","41","28"
"10100","","Ž€–S”ylz","2017000000","","2017”N","00120","","—","00250","","Ž€–SŽÒ_85`89Î","","23,264","-","-","-","-","-","-","-","1","-","6","30","134","509","2,431","11,989","7,526","614","24"
"10100","","Ž€–S”ylz","2017000000","","2017”N","00120","","—","00260","","Ž€–SŽÒ_90`94Î","","9,050","-","-","-","-","-","-","-","-","-","1","3","27","103","351","1,497","5,083","1,977","8"
"10100","","Ž€–S”ylz","2017000000","","2017”N","00120","","—","00270","","Ž€–SŽÒ_95`99Î","","1,180","-","-","-","-","-","-","-","-","-","-","-","3","12","47","119","331","661","7"
"10100","","Ž€–S”ylz","2017000000","","2017”N","00120","","—","00280","","Ž€–SŽÒ_100ÎˆÈã","","67","-","-","-","-","-","-","-","-","1","-","-","-","1","6","11","16","30","2"
"10100","","Ž€–S”ylz","2016000000","","2016”N","00110","","’j","00100","","Ž€–SŽÒ_‘”","","420,185","12","81","350","896","1,551","3,162","5,222","8,417","13,944","25,704","52,081","64,506","83,648","88,371","55,245","15,217","1,535","243"
"10100","","Ž€–S”ylz","2016000000","","2016”N","00110","","’j","00110","","Ž€–SŽÒ_15`19Î","","3","2","1","-","-","-","-","-","-","-","-","-","-","-","-","-","-","-","-"
"10100","","Ž€–S”ylz","2016000000","","2016”N","00110","","’j","00120","","Ž€–SŽÒ_20`24Î","","38","6","22","7","2","-","-","-","-","-","-","-","-","-","-","-","-","-","1"
"10100","","Ž€–S”ylz","2016000000","","2016”N","00110","","’j","00130","","Ž€–SŽÒ_25`29Î","","198","3","20","122","42","8","2","1","-","-","-","-","-","-","-","-","-","-","-"
"10100","","Ž€–S”ylz","2016000000","","2016”N","00110","","’j","00140","","Ž€–SŽÒ_30`34Î","","525","1","11","95","315","75","24","2","1","-","-","-","-","-","-","-","-","-","1"
"10100","","Ž€–S”ylz","2016000000","","2016”N","00110","","’j","00150","","Ž€–SŽÒ_35`39Î","","947","-","6","54","211","498","149","24","4","-","-","-","-","-","-","-","-","-","1"
"10100","","Ž€–S”ylz","2016000000","","2016”N","00110","","’j","00160","","Ž€–SŽÒ_40`44Î","","1,921","-","5","21","116","432","1,074","228","35","7","1","1","-","-","-","-","-","-","1"
"10100","","Ž€–S”ylz","2016000000","","2016”N","00110","","’j","00170","","Ž€–SŽÒ_45`49Î","","3,136","-","5","15","66","206","907","1,612","274","40","5","4","-","-","-","-","-","-","2"
"10100","","Ž€–S”ylz","2016000000","","2016”N","00110","","’j","00180","","Ž€–SŽÒ_50`54Î","","5,047","-","4","10","46","123","433","1,610","2,402","343","57","10","-","2","-","-","-","-","7"
"10100","","Ž€–S”ylz","2016000000","","2016”N","00110","","’j","00190","","Ž€–SŽÒ_55`59Î","","8,984","-","4","10","26","69","205","804","3,048","4,052","606","119","32","2","-","1","-","-","6"
"10100","","Ž€–S”ylz","2016000000","","2016”N","00110","","’j","00200","","Ž€–SŽÒ_60`64Î","","17,648","-","2","6","37","57","156","434","1,472","5,825","7,881","1,511","190","54","10","1","-","-","12"
"10100","","Ž€–S”ylz","2016000000","","2016”N","00110","","’j","00210","","Ž€–SŽÒ_65`69Î","","38,850","-","1","6","22","48","122","319","743","2,824","13,098","19,087","2,092","373","81","11","-","-","23"
"10100","","Ž€–S”ylz","2016000000","","2016”N","00110","","’j","00220","","Ž€–SŽÒ_70`74Î","","49,290","-","-","1","7","22","55","117","255","505","2,987","22,936","19,280","2,661","360","60","9","1","34"
"10100","","Ž€–S”ylz","2016000000","","2016”N","00110","","’j","00230","","Ž€–SŽÒ_75`79Î","","70,304","-","-","3","6","6","23","52","113","229","701","6,817","31,939","26,791","3,197","339","42","4","42"
"10100","","Ž€–S”ylz","2016000000","","2016”N","00110","","’j","00240","","Ž€–SŽÒ_80`84Î","","93,159","-","-","-","-","6","9","13","52","78","256","1,199","9,555","43,467","35,025","3,218","206","25","50"
"10100","","Ž€–S”ylz","2016000000","","2016”N","00110","","’j","00250","","Ž€–SŽÒ_85`89Î","","83,159","-","-","-","-","1","2","5","15","29","89","305","1,182","9,500","42,948","27,108","1,835","101","39"
"10100","","Ž€–S”ylz","2016000000","","2016”N","00110","","’j","00260","","Ž€–SŽÒ_90`94Î","","37,955","-","-","-","-","-","1","1","3","10","19","81","212","720","6,414","21,881","8,222","373","18"
"10100","","Ž€–S”ylz","2016000000","","2016”N","00110","","’j","00270","","Ž€–SŽÒ_95`99Î","","8,212","-","-","-","-","-","-","-","-","2","4","10","24","71","316","2,544","4,540","697","4"
"10100","","Ž€–S”ylz","2016000000","","2016”N","00110","","’j","00280","","Ž€–SŽÒ_100ÎˆÈã","","809","-","-","-","-","-","-","-","-","-","-","1","-","7","20","82","363","334","2"
"10100","","Ž€–S”ylz","2016000000","","2016”N","00120","","—","00100","","Ž€–SŽÒ_‘”","","144,872","-","10","93","328","678","1,348","2,108","3,028","4,531","7,680","14,695","16,461","22,652","28,872","26,287","12,895","3,088","118"
"10100","","Ž€–S”ylz","2016000000","","2016”N","00120","","—","00110","","Ž€–SŽÒ_15`19Î","","-","-","-","-","-","-","-","-","-","-","-","-","-","-","-","-","-","-","-"
"10100","","Ž€–S”ylz","2016000000","","2016”N","00120","","—","00120","","Ž€–SŽÒ_20`24Î","","30","-","10","8","4","1","3","3","1","-","-","-","-","-","-","-","-","-","-"
"10100","","Ž€–S”ylz","2016000000","","2016”N","00120","","—","00130","","Ž€–SŽÒ_25`29Î","","122","-","-","49","40","22","9","1","1","-","-","-","-","-","-","-","-","-","-"
"10100","","Ž€–S”ylz","2016000000","","2016”N","00120","","—","00140","","Ž€–SŽÒ_30`34Î","","380","-","-","22","175","113","47","18","2","1","2","-","-","-","-","-","-","-","-"
"10100","","Ž€–S”ylz","2016000000","","2016”N","00120","","—","00150","","Ž€–SŽÒ_35`39Î","","854","-","-","8","66","378","259","84","36","17","2","3","-","-","-","-","-","-","1"
"10100","","Ž€–S”ylz","2016000000","","2016”N","00120","","—","00160","","Ž€–SŽÒ_40`44Î","","1,636","-","-","4","28","121","725","529","156","45","21","4","1","-","-","-","-","-","2"
"10100","","Ž€–S”ylz","2016000000","","2016”N","00120","","—","00170","","Ž€–SŽÒ_45`49Î","","2,585","-","-","2","11","33","230","1,099","807","281","80","31","8","1","1","-","-","-","1"
"10100","","Ž€–S”ylz","2016000000","","2016”N","00120","","—","00180","","Ž€–SŽÒ_50`54Î","","4,011","-","-","-","3","6","63","297","1,605","1,419","465","122","19","4","1","2","1","-","4"
"10100","","Ž€–S”ylz","2016000000","","2016”N","00120","","—","00190","","Ž€–SŽÒ_55`59Î","","5,655","-","-","-","-","3","5","56","314","2,173","2,327","675","80","10","8","1","-","1","2"
"10100","","Ž€–S”ylz","2016000000","","2016”N","00120","","—","00200","","Ž€–SŽÒ_60`64Î","","9,176","-","-","-","1","1","4","13","77","414","3,529","4,344","668","98","14","5","2","1","5"
"10100","","Ž€–S”ylz","2016000000","","2016”N","00120","","—","00210","","Ž€–SŽÒ_65`69Î","","16,827","-","-","-","-","-","2","6","22","122","931","7,591","6,571","1,417","139","15","6","-","5"
"10100","","Ž€–S”ylz","2016000000","","2016”N","00120","","—","00220","","Ž€–SŽÒ_70`74Î","","18,955","-","-","-","-","-","-","-","2","34","220","1,295","6,961","8,663","1,644","112","16","1","7"
"10100","","Ž€–S”ylz","2016000000","","2016”N","00120","","—","00230","","Ž€–SŽÒ_75`79Î","","24,436","-","-","-","-","-","1","2","4","18","81","450","1,530","9,624","11,043","1,578","75","11","19"
"10100","","Ž€–S”ylz","2016000000","","2016”N","00120","","—","00240","","Ž€–SŽÒ_80`84Î","","28,798","-","-","-","-","-","-","-","1","4","17","146","443","2,187","13,319","11,401","1,216","40","24"
"10100","","Ž€–S”ylz","2016000000","","2016”N","00120","","—","00250","","Ž€–SŽÒ_85`89Î","","22,048","-","-","-","-","-","-","-","-","2","5","29","153","514","2,271","11,571","6,917","563","23"
"10100","","Ž€–S”ylz","2016000000","","2016”N","00120","","—","00260","","Ž€–SŽÒ_90`94Î","","8,167","-","-","-","-","-","-","-","-","1","-","5","26","124","382","1,431","4,332","1,848","18"
"10100","","Ž€–S”ylz","2016000000","","2016”N","00120","","—","00270","","Ž€–SŽÒ_95`99Î","","1,130","-","-","-","-","-","-","-","-","-","-","-","1","9","48","163","312","592","5"
"10100","","Ž€–S”ylz","2016000000","","2016”N","00120","","—","00280","","Ž€–SŽÒ_100ÎˆÈã","","62","-","-","-","-","-","-","-","-","-","-","-","-","1","2","8","18","31","2"
"10100","","Ž€–S”ylz","2015000000","","2015”N","00110","","’j","00100","","Ž€–SŽÒ_‘”","","418,568","9","86","386","897","1,659","3,283","5,293","8,666","14,478","27,796","50,084","67,989","84,128","86,187","52,398","13,691","1,281","257"
"10100","","Ž€–S”ylz","2015000000","","2015”N","00110","","’j","00110","","Ž€–SŽÒ_15`19Î","","1","1","-","-","-","-","-","-","-","-","-","-","-","-","-","-","-","-","-"
"10100","","Ž€–S”ylz","2015000000","","2015”N","00110","","’j","00120","","Ž€–SŽÒ_20`24Î","","38","5","23","9","-","1","-","-","-","-","-","-","-","-","-","-","-","-","-"
"10100","","Ž€–S”ylz","2015000000","","2015”N","00110","","’j","00130","","Ž€–SŽÒ_25`29Î","","225","1","27","150","40","6","1","-","-","-","-","-","-","-","-","-","-","-","-"
"10100","","Ž€–S”ylz","2015000000","","2015”N","00110","","’j","00140","","Ž€–SŽÒ_30`34Î","","531","-","9","101","323","80","13","4","1","-","-","-","-","-","-","-","-","-","-"
"10100","","Ž€–S”ylz","2015000000","","2015”N","00110","","’j","00150","","Ž€–SŽÒ_35`39Î","","999","1","6","40","230","521","172","26","1","1","-","-","-","-","-","-","-","-","1"
"10100","","Ž€–S”ylz","2015000000","","2015”N","00110","","’j","00160","","Ž€–SŽÒ_40`44Î","","2,020","-","6","36","132","471","1,079","249","35","8","2","-","1","-","-","-","-","-","1"
"10100","","Ž€–S”ylz","2015000000","","2015”N","00110","","’j","00170","","Ž€–SŽÒ_45`49Î","","3,143","-","5","13","50","231","905","1,608","267","42","11","6","1","-","-","-","-","-","4"
"10100","","Ž€–S”ylz","2015000000","","2015”N","00110","","’j","00180","","Ž€–SŽÒ_50`54Î","","5,360","1","3","7","30","131","478","1,676","2,588","368","57","17","1","-","-","-","-","-","3"
"10100","","Ž€–S”ylz","2015000000","","2015”N","00110","","’j","00190","","Ž€–SŽÒ_55`59Î","","9,170","-","3","9","25","80","253","813","3,071","4,134","622","120","31","5","1","-","-","-","3"
"10100","","Ž€–S”ylz","2015000000","","2015”N","00110","","’j","00200","","Ž€–SŽÒ_60`64Î","","19,195","-","1","6","27","67","166","403","1,646","6,280","8,598","1,668","253","60","9","-","-","-","11"
"10100","","Ž€–S”ylz","2015000000","","2015”N","00110","","’j","00210","","Ž€–SŽÒ_65`69Î","","37,544","-","3","9","24","41","131","302","685","2,753","13,816","17,411","1,945","321","65","6","-","-","32"
"10100","","Ž€–S”ylz","2015000000","","2015”N","00110","","’j","00220","","Ž€–SŽÒ_70`74Î","","53,031","-","-","2","9","19","54","119","226","573","3,695","23,732","21,382","2,748","369","64","11","-","28"
"10100","","Ž€–S”ylz","2015000000","","2015”N","00110","","’j","00230","","Ž€–SŽÒ_75`79Î","","70,711","-","-","4","2","10","20","56","82","207","638","5,730","33,324","26,873","3,310","358","44","1","52"
"10100","","Ž€–S”ylz","2015000000","","2015”N","00110","","’j","00240","","Ž€–SŽÒ_80`84Î","","92,759","-","-","-","2","1","9","26","34","72","241","1,011","9,687","43,773","34,374","3,204","247","27","51"
"10100","","Ž€–S”ylz","2015000000","","2015”N","00110","","’j","00250","","Ž€–SŽÒ_85`89Î","","80,376","-","-","-","3","-","1","10","23","33","90","312","1,132","9,501","41,648","25,619","1,851","102","51"
"10100","","Ž€–S”ylz","2015000000","","2015”N","00110","","’j","00260","","Ž€–SŽÒ_90`94Î","","34,985","-","-","-","-","-","1","1","6","6","22","64","206","773","6,075","20,482","7,099","234","16"
"10100","","Ž€–S”ylz","2015000000","","2015”N","00110","","’j","00270","","Ž€–SŽÒ_95`99Î","","7,688","-","-","-","-","-","-","-","1","1","4","12","22","68","323","2,575","4,070","610","2"
"10100","","Ž€–S”ylz","2015000000","","2015”N","00110","","’j","00280","","Ž€–SŽÒ_100ÎˆÈã","","792","-","-","-","-","-","-","-","-","-","-","1","4","6","13","90","369","307","2"
"10100","","Ž€–S”ylz","2015000000","","2015”N","00120","","—","00100","","Ž€–SŽÒ_‘”","","144,024","2","8","101","341","769","1,396","1,986","3,101","4,629","8,398","14,026","17,611","22,680","28,435","25,686","11,836","2,883","136"
"10100","","Ž€–S”ylz","2015000000","","2015”N","00120","","—","00110","","Ž€–SŽÒ_15`19Î","","3","2","1","-","-","-","-","-","-","-","-","-","-","-","-","-","-","-","-"
"10100","","Ž€–S”ylz","2015000000","","2015”N","00120","","—","00120","","Ž€–SŽÒ_20`24Î","","17","-","5","4","6","2","-","-","-","-","-","-","-","-","-","-","-","-","-"
"10100","","Ž€–S”ylz","2015000000","","2015”N","00120","","—","00130","","Ž€–SŽÒ_25`29Î","","152","-","2","62","46","26","12","2","-","1","-","-","-","-","-","-","-","-","1"
"10100","","Ž€–S”ylz","2015000000","","2015”N","00120","","—","00140","","Ž€–SŽÒ_30`34Î","","434","-","-","24","196","146","51","14","2","1","-","-","-","-","-","-","-","-","-"
"10100","","Ž€–S”ylz","2015000000","","2015”N","00120","","—","00150","","Ž€–SŽÒ_35`39Î","","846","-","-","6","59","408","244","87","23","8","6","1","2","1","-","-","-","-","1"
"10100","","Ž€–S”ylz","2015000000","","2015”N","00120","","—","00160","","Ž€–SŽÒ_40`44Î","","1,697","-","-","3","20","133","788","513","156","58","21","2","3","-","-","-","-","-","-"
"10100","","Ž€–S”ylz","2015000000","","2015”N","00120","","—","00170","","Ž€–SŽÒ_45`49Î","","2,533","-","-","-","9","37","229","1,034","855","253","83","26","6","1","-","-","-","-","-"
"10100","","Ž€–S”ylz","2015000000","","2015”N","00120","","—","00180","","Ž€–SŽÒ_50`54Î","","4,066","-","-","2","3","10","58","268","1,650","1,457","464","125","21","6","1","1","-","-","-"
"10100","","Ž€–S”ylz","2015000000","","2015”N","00120","","—","00190","","Ž€–SŽÒ_55`59Î","","5,744","-","-","-","2","5","10","47","310","2,178","2,389","698","77","19","2","1","-","-","6"
"10100","","Ž€–S”ylz","2015000000","","2015”N","00120","","—","00200","","Ž€–SŽÒ_60`64Î","","10,084","-","-","-","-","1","3","14","60","481","4,009","4,609","793","84","18","3","-","1","8"
"10100","","Ž€–S”ylz","2015000000","","2015”N","00120","","—","00210","","Ž€–SŽÒ_65`69Î","","15,963","-","-","-","-","-","1","6","31","140","1,051","6,797","6,602","1,190","110","23","2","1","9"
"10100","","Ž€–S”ylz","2015000000","","2015”N","00120","","—","00220","","Ž€–SŽÒ_70`74Î","","20,197","-","-","-","-","-","-","1","10","41","248","1,229","7,878","8,963","1,687","105","15","3","17"
"10100","","Ž€–S”ylz","2015000000","","2015”N","00120","","—","00230","","Ž€–SŽÒ_75`79Î","","24,324","-","-","-","-","-","-","-","3","9","103","385","1,567","9,652","10,943","1,545","78","13","26"
"10100","","Ž€–S”ylz","2015000000","","2015”N","00120","","—","00240","","Ž€–SŽÒ_80`84Î","","28,289","-","-","-","-","-","-","-","1","1","19","123","498","2,248","13,009","11,170","1,151","40","29"
"10100","","Ž€–S”ylz","2015000000","","2015”N","00120","","—","00250","","Ž€–SŽÒ_85`89Î","","21,275","-","-","-","-","-","-","-","-","-","4","30","138","420","2,280","11,187","6,614","579","23"
"10100","","Ž€–S”ylz","2015000000","","2015”N","00120","","—","00260","","Ž€–SŽÒ_90`94Î","","7,396","-","-","-","-","1","-","-","-","1","1","1","26","88","336","1,508","3,722","1,698","14"
"10100","","Ž€–S”ylz","2015000000","","2015”N","00120","","—","00270","","Ž€–SŽÒ_95`99Î","","936","-","-","-","-","-","-","-","-","-","-","-","-","8","43","135","242","508","-"
"10100","","Ž€–S”ylz","2015000000","","2015”N","00120","","—","00280","","Ž€–SŽÒ_100ÎˆÈã","","68","-","-","-","-","-","-","-","-","-","-","-","-","-","6","8","12","40","2"
