"統計名：","人口動態調査 人口動態統計 確定数 死亡"
"表番号：","7"
"表題：","[中巻] 15歳以上の死亡数，年齢（５歳階級）・性・配偶関係別"
"実施年月：","2024年","-"

"***","調査又は集計していないもの"
"-","計数のない場合"
"…","計数不明の場合"
"・","統計項目のありえない場合"

"","","","","","","","","","/配偶関係 コード","00100","00160","00170","00180","00190","00200","00210","00220","00230","00240","00250","00260","00270"
"","","","","","","","","","/配偶関係 補助コード","-","-","-","-","-","-","-","-","-","-","-","-","-"
"表章項目 コード","表章項目 補助コード","表章項目","時間軸(年次) コード","時間軸(年次) 補助コード","時間軸(年次)","年齢(5歳階級) コード","年齢(5歳階級) 補助コード","年齢(5歳階級)","/配偶関係","総数","男_総数","男_有配偶","男_未婚","男_死別","男_離別","男_不詳","女_総数","女_有配偶","女_未婚","女_死別","女_離別","女_不詳"
"10100","","死亡数【人】","2024000000","","2024年","00100","","総数","","1,602,188","817,928","474,391","100,190","165,321","77,053","973","784,260","166,092","52,972","505,176","59,543","477"
"10100","","死亡数【人】","2024000000","","2024年","00220","","15～19歳","","1,284","714","-","714","-","-","-","570","-","568","-","2","-"
"10100","","死亡数【人】","2024000000","","2024年","00230","","20～24歳","","2,170","1,376","27","1,338","-","9","2","794","16","765","1","11","1"
"10100","","死亡数【人】","2024000000","","2024年","00240","","25～29歳","","2,299","1,422","144","1,202","2","69","5","877","149","672","4","52","-"
"10100","","死亡数【人】","2024000000","","2024年","00250","","30～34歳","","2,765","1,808","358","1,307","5","133","5","957","297","586","3","71","-"
"10100","","死亡数【人】","2024000000","","2024年","00260","","35～39歳","","4,237","2,696","669","1,725","10","288","4","1,541","577","750","10","204","-"
"10100","","死亡数【人】","2024000000","","2024年","00280","","40～44歳","","6,835","4,388","1,282","2,411","17","662","16","2,447","1,035","1,032","28","348","4"
"10100","","死亡数【人】","2024000000","","2024年","00300","","45～49歳","","12,401","7,846","2,547","3,902","49","1,332","16","4,555","2,192","1,546","61","750","6"
"10100","","死亡数【人】","2024000000","","2024年","00320","","50～54歳","","22,134","14,180","4,648","6,679","143","2,667","43","7,954","3,867","2,406","171","1,500","10"
"10100","","死亡数【人】","2024000000","","2024年","00340","","55～59歳","","29,979","20,095","7,214","8,285","271","4,261","64","9,884","5,141","2,442","421","1,858","22"
"10100","","死亡数【人】","2024000000","","2024年","00350","","60～64歳","","41,886","28,887","12,227","9,827","677","6,088","68","12,999","7,178","2,434","1,018","2,350","19"
"10100","","死亡数【人】","2024000000","","2024年","00360","","65～69歳","","65,458","45,701","22,378","12,795","1,753","8,640","135","19,757","11,143","2,686","2,550","3,370","8"
"10100","","死亡数【人】","2024000000","","2024年","00370","","70～74歳","","125,681","86,210","48,170","18,257","5,781","13,827","175","39,471","20,791","3,995","8,602","6,048","35"
"10100","","死亡数【人】","2024000000","","2024年","00380","","75～79歳","","187,802","122,696","78,714","15,425","12,844","15,550","163","65,106","29,627","5,008","21,985","8,438","48"
"10100","","死亡数【人】","2024000000","","2024年","00400","","80～84歳","","263,926","155,443","107,028","9,518","25,937","12,828","132","108,483","36,676","6,062","55,345","10,326","74"
"10100","","死亡数【人】","2024000000","","2024年","00410","","85～89歳","","320,658","160,951","107,006","4,669","41,824","7,366","86","159,707","30,011","7,348","112,202","10,060","86"
"10100","","死亡数【人】","2024000000","","2024年","00420","","90～94歳","","306,460","116,324","65,234","1,734","46,590","2,721","45","190,136","14,726","8,237","158,660","8,421","92"
"10100","","死亡数【人】","2024000000","","2024年","00430","","95～99歳","","164,950","41,359","15,631","366","24,793","556","13","123,591","2,527","5,165","111,280","4,565","54"
"10100","","死亡数【人】","2024000000","","2024年","00440","","100歳以上","","41,263","5,832","1,114","36","4,625","56","1","35,431","139","1,270","32,835","1,169","18"
"10100","","死亡数【人】","2023000000","","2023年","00100","","総数","","1,572,873","800,760","468,752","94,824","161,363","75,073","748","772,113","164,551","51,655","497,397","58,151","359"
"10100","","死亡数【人】","2023000000","","2023年","00220","","15～19歳","","1,295","759","2","757","-","-","-","536","3","533","-","-","-"
"10100","","死亡数【人】","2023000000","","2023年","00230","","20～24歳","","2,165","1,363","45","1,303","1","13","1","802","23","757","2","19","1"
"10100","","死亡数【人】","2023000000","","2023年","00240","","25～29歳","","2,344","1,560","167","1,312","2","78","1","784","108","622","3","50","1"
"10100","","死亡数【人】","2023000000","","2023年","00250","","30～34歳","","2,828","1,866","411","1,294","1","158","2","962","288","562","2","109","1"
"10100","","死亡数【人】","2023000000","","2023年","00260","","35～39歳","","4,428","2,882","771","1,766","7","335","3","1,546","584","757","9","194","2"
"10100","","死亡数【人】","2023000000","","2023年","00280","","40～44歳","","7,048","4,438","1,336","2,399","19","675","9","2,610","1,217","965","27","400","1"
"10100","","死亡数【人】","2023000000","","2023年","00300","","45～49歳","","13,150","8,371","2,671","4,176","55","1,452","17","4,779","2,305","1,588","71","812","3"
"10100","","死亡数【人】","2023000000","","2023年","00320","","50～54歳","","22,443","14,365","4,780","6,574","118","2,851","42","8,078","3,984","2,337","194","1,554","9"
"10100","","死亡数【人】","2023000000","","2023年","00340","","55～59歳","","29,337","19,682","7,308","7,873","282","4,176","43","9,655","5,152","2,252","431","1,808","12"
"10100","","死亡数【人】","2023000000","","2023年","00350","","60～64歳","","41,967","28,963","12,556","9,476","647","6,212","72","13,004","7,276","2,326","981","2,408","13"
"10100","","死亡数【人】","2023000000","","2023年","00360","","65～69歳","","65,937","46,086","23,201","12,379","1,804","8,613","89","19,851","11,327","2,476","2,782","3,254","12"
"10100","","死亡数【人】","2023000000","","2023年","00370","","70～74歳","","133,733","91,540","52,715","17,986","6,152","14,558","129","42,193","22,207","4,144","9,362","6,445","35"
"10100","","死亡数【人】","2023000000","","2023年","00380","","75～79歳","","178,252","115,354","75,643","12,750","12,452","14,372","137","62,898","28,604","4,621","21,665","7,971","37"
"10100","","死亡数【人】","2023000000","","2023年","00400","","80～84歳","","248,066","145,769","101,390","8,447","24,395","11,443","94","102,297","34,443","5,576","52,855","9,371","52"
"10100","","死亡数【人】","2023000000","","2023年","00410","","85～89歳","","320,874","159,670","106,536","4,383","41,680","7,012","59","161,204","30,313","7,538","113,498","9,794","61"
"10100","","死亡数【人】","2023000000","","2023年","00420","","90～94歳","","300,934","113,161","63,121","1,563","45,868","2,571","38","187,773","14,160","8,347","157,010","8,189","67"
"10100","","死亡数【人】","2023000000","","2023年","00430","","95～99歳","","158,124","39,601","15,020","352","23,717","500","12","118,523","2,408","5,023","106,395","4,659","38"
"10100","","死亡数【人】","2023000000","","2023年","00440","","100歳以上","","39,948","5,330","1,079","34","4,163","54","-","34,618","149","1,231","32,110","1,114","14"
"10100","","死亡数【人】","2022000000","","2022年","00100","","総数","","1,566,032","797,679","470,585","90,864","161,705","73,759","766","768,353","164,550","51,658","495,173","56,566","406"
"10100","","死亡数【人】","2022000000","","2022年","00220","","15～19歳","","1,265","777","1","774","-","2","-","488","2","485","-","-","1"
"10100","","死亡数【人】","2022000000","","2022年","00230","","20～24歳","","2,146","1,401","39","1,338","-","22","2","745","27","702","-","15","1"
"10100","","死亡数【人】","2022000000","","2022年","00240","","25～29歳","","2,257","1,451","141","1,247","-","62","1","806","135","615","1","53","2"
"10100","","死亡数【人】","2022000000","","2022年","00250","","30～34歳","","2,819","1,797","371","1,273","6","146","1","1,022","305","613","3","100","1"
"10100","","死亡数【人】","2022000000","","2022年","00260","","35～39歳","","4,414","2,754","778","1,646","8","317","5","1,660","625","773","14","244","4"
"10100","","死亡数【人】","2022000000","","2022年","00280","","40～44歳","","7,271","4,550","1,330","2,429","19","767","5","2,721","1,250","1,009","19","441","2"
"10100","","死亡数【人】","2022000000","","2022年","00300","","45～49歳","","13,844","8,672","2,770","4,288","49","1,545","20","5,172","2,517","1,677","66","909","3"
"10100","","死亡数【人】","2022000000","","2022年","00320","","50～54歳","","21,801","14,069","4,798","6,200","150","2,888","33","7,732","3,881","2,189","206","1,449","7"
"10100","","死亡数【人】","2022000000","","2022年","00340","","55～59歳","","28,642","19,156","7,414","7,219","272","4,204","47","9,486","5,160","2,149","377","1,787","13"
"10100","","死亡数【人】","2022000000","","2022年","00350","","60～64歳","","41,973","28,869","13,052","9,094","700","5,952","71","13,104","7,532","2,258","1,007","2,297","10"
"10100","","死亡数【人】","2022000000","","2022年","00360","","65～69歳","","68,705","47,837","24,661","12,407","1,966","8,711","92","20,868","12,142","2,517","2,861","3,333","15"
"10100","","死亡数【人】","2022000000","","2022年","00370","","70～74歳","","141,338","97,014","56,975","18,119","6,873","14,911","136","44,324","23,591","4,264","9,907","6,531","31"
"10100","","死亡数【人】","2022000000","","2022年","00380","","75～79歳","","170,192","109,955","73,045","11,409","12,263","13,126","112","60,237","27,392","4,283","21,272","7,251","39"
"10100","","死亡数【人】","2022000000","","2022年","00400","","80～84歳","","247,487","144,728","100,986","7,700","24,588","11,346","108","102,759","33,807","5,696","54,228","8,977","51"
"10100","","死亡数【人】","2022000000","","2022年","00410","","85～89歳","","320,647","159,604","106,830","3,956","41,999","6,740","79","161,043","29,848","7,818","113,762","9,537","78"
"10100","","死亡数【人】","2022000000","","2022年","00420","","90～94歳","","295,883","110,745","61,634","1,388","45,196","2,482","45","185,138","13,922","8,454","154,642","8,036","84"
"10100","","死亡数【人】","2022000000","","2022年","00430","","95～99歳","","155,165","38,692","14,636","337","23,224","489","6","116,473","2,299","4,968","104,632","4,530","44"
"10100","","死亡数【人】","2022000000","","2022年","00440","","100歳以上","","40,183","5,608","1,124","40","4,392","49","3","34,575","115","1,188","32,176","1,076","20"
"10100","","死亡数【人】","2021000000","","2021年","00100","","総数","","1,436,775","736,360","440,368","82,625","145,980","66,841","546","700,415","153,717","46,383","449,103","50,907","305"
"10100","","死亡数【人】","2021000000","","2021年","00220","","15～19歳","","1,204","756","1","754","-","1","-","448","3","441","-","3","1"
"10100","","死亡数【人】","2021000000","","2021年","00230","","20～24歳","","2,183","1,440","31","1,391","-","16","2","743","29","693","1","20","-"
"10100","","死亡数【人】","2021000000","","2021年","00240","","25～29歳","","2,322","1,527","158","1,301","-","66","2","795","117","620","1","55","2"
"10100","","死亡数【人】","2021000000","","2021年","00250","","30～34歳","","2,863","1,838","395","1,286","1","149","7","1,025","306","599","1","118","1"
"10100","","死亡数【人】","2021000000","","2021年","00260","","35～39歳","","4,293","2,772","729","1,681","4","350","8","1,521","622","686","9","203","1"
"10100","","死亡数【人】","2021000000","","2021年","00280","","40～44歳","","7,154","4,443","1,354","2,375","29","677","8","2,711","1,292","999","22","396","2"
"10100","","死亡数【人】","2021000000","","2021年","00300","","45～49歳","","13,677","8,712","2,879","4,203","62","1,556","12","4,965","2,390","1,571","57","944","3"
"10100","","死亡数【人】","2021000000","","2021年","00320","","50～54歳","","20,948","13,500","4,558","5,999","125","2,789","29","7,448","3,901","2,003","169","1,368","7"
"10100","","死亡数【人】","2021000000","","2021年","00340","","55～59歳","","27,795","18,666","7,405","6,819","273","4,136","33","9,129","5,077","1,912","398","1,731","11"
"10100","","死亡数【人】","2021000000","","2021年","00350","","60～64歳","","40,094","27,722","12,826","8,467","683","5,692","54","12,372","7,254","1,879","1,103","2,126","10"
"10100","","死亡数【人】","2021000000","","2021年","00360","","65～69歳","","69,526","48,357","25,628","11,958","2,066","8,622","83","21,169","12,431","2,387","2,968","3,366","17"
"10100","","死亡数【人】","2021000000","","2021年","00370","","70～74歳","","135,816","93,053","56,482","15,726","6,504","14,233","108","42,763","22,877","3,866","9,719","6,269","32"
"10100","","死亡数【人】","2021000000","","2021年","00380","","75～79歳","","158,871","102,248","70,074","9,389","11,559","11,149","77","56,623","25,641","3,692","20,749","6,511","30"
"10100","","死亡数【人】","2021000000","","2021年","00400","","80～84歳","","225,185","132,093","93,531","6,353","22,717","9,437","55","93,092","30,551","5,059","49,875","7,559","48"
"10100","","死亡数【人】","2021000000","","2021年","00410","","85～89歳","","292,364","144,427","97,107","3,417","38,262","5,604","37","147,937","27,092","7,201","105,398","8,206","40"
"10100","","死亡数【人】","2021000000","","2021年","00420","","90～94歳","","264,183","97,726","54,152","1,221","40,457","1,872","24","166,457","12,062","7,690","139,452","7,204","49"
"10100","","死亡数【人】","2021000000","","2021年","00430","","95～99歳","","134,035","32,293","12,045","254","19,543","444","7","101,742","1,959","4,167","91,670","3,908","38"
"10100","","死亡数【人】","2021000000","","2021年","00440","","100歳以上","","34,262","4,787","1,013","31","3,695","48","-","29,475","113","918","27,511","920","13"
"10100","","死亡数【人】","2020000000","","2020年","00100","","総数","","1,369,606","705,027","425,560","78,090","137,610","63,132","635","664,579","148,764","44,552","423,304","47,635","324"
"10100","","死亡数【人】","2020000000","","2020年","00220","","15～19歳","","1,262","816","3","812","-","1","-","446","1","442","-","2","1"
"10100","","死亡数【人】","2020000000","","2020年","00230","","20～24歳","","2,180","1,485","38","1,426","1","18","2","695","30","647","1","17","-"
"10100","","死亡数【人】","2020000000","","2020年","00240","","25～29歳","","2,248","1,491","146","1,262","3","78","2","757","109","591","2","55","-"
"10100","","死亡数【人】","2020000000","","2020年","00250","","30～34歳","","2,902","1,961","400","1,382","4","168","7","941","288","538","5","109","1"
"10100","","死亡数【人】","2020000000","","2020年","00260","","35～39歳","","4,396","2,763","752","1,651","8","345","7","1,633","666","732","8","225","2"
"10100","","死亡数【人】","2020000000","","2020年","00280","","40～44歳","","7,678","4,820","1,485","2,548","20","761","6","2,858","1,312","1,042","26","477","1"
"10100","","死亡数【人】","2020000000","","2020年","00300","","45～49歳","","14,111","8,894","2,916","4,265","48","1,648","17","5,217","2,584","1,536","71","1,022","4"
"10100","","死亡数【人】","2020000000","","2020年","00320","","50～54歳","","19,812","12,687","4,460","5,378","118","2,698","33","7,125","3,790","1,789","185","1,356","5"
"10100","","死亡数【人】","2020000000","","2020年","00340","","55～59歳","","27,521","18,494","7,518","6,619","263","4,040","54","9,027","5,135","1,776","448","1,659","9"
"10100","","死亡数【人】","2020000000","","2020年","00350","","60～64歳","","40,514","28,046","13,364","8,362","718","5,549","53","12,468","7,411","1,829","1,094","2,121","13"
"10100","","死亡数【人】","2020000000","","2020年","00360","","65～69歳","","72,970","50,969","27,474","12,123","2,355","8,932","85","22,001","12,945","2,438","3,153","3,448","17"
"10100","","死亡数【人】","2020000000","","2020年","00370","","70～74歳","","124,099","84,888","52,446","13,579","5,996","12,748","119","39,211","21,125","3,422","8,952","5,688","24"
"10100","","死亡数【人】","2020000000","","2020年","00380","","75～79歳","","162,136","104,378","72,382","8,876","11,965","11,048","107","57,758","26,035","3,904","21,399","6,392","28"
"10100","","死亡数【人】","2020000000","","2020年","00400","","80～84歳","","216,526","125,875","89,930","5,607","21,914","8,358","66","90,651","29,205","4,860","49,688","6,856","42"
"10100","","死亡数【人】","2020000000","","2020年","00410","","85～89歳","","276,507","135,859","91,389","2,926","36,859","4,649","36","140,648","25,350","7,183","100,685","7,370","60"
"10100","","死亡数【人】","2020000000","","2020年","00420","","90～94歳","","245,216","89,912","49,586","1,026","37,579","1,691","30","155,304","11,003","7,309","130,326","6,597","69"
"10100","","死亡数【人】","2020000000","","2020年","00430","","95～99歳","","119,379","27,471","10,373","223","16,505","360","10","91,908","1,683","3,680","83,006","3,501","38"
"10100","","死亡数【人】","2020000000","","2020年","00440","","100歳以上","","30,149","4,218","898","25","3,254","40","1","25,931","92","834","24,255","740","10"
"10100","","死亡数【人】","2019000000","","2019年","00100","","総数","","1,377,485","705,388","427,986","75,925","139,128","61,688","661","672,097","148,782","45,087","430,902","46,970","356"
"10100","","死亡数【人】","2019000000","","2019年","00220","","15～19歳","","1,177","771","-","771","-","-","-","406","-","405","-","1","-"
"10100","","死亡数【人】","2019000000","","2019年","00230","","20～24歳","","2,042","1,430","49","1,359","-","20","2","612","31","565","1","15","-"
"10100","","死亡数【人】","2019000000","","2019年","00240","","25～29歳","","2,055","1,372","149","1,173","1","45","4","683","121","509","3","49","1"
"10100","","死亡数【人】","2019000000","","2019年","00250","","30～34歳","","2,978","1,961","371","1,402","9","172","7","1,017","289","602","4","119","3"
"10100","","死亡数【人】","2019000000","","2019年","00260","","35～39歳","","4,477","2,851","804","1,680","13","349","5","1,626","703","674","9","238","2"
"10100","","死亡数【人】","2019000000","","2019年","00280","","40～44歳","","7,813","4,889","1,534","2,522","24","787","22","2,924","1,374","1,033","33","481","3"
"10100","","死亡数【人】","2019000000","","2019年","00300","","45～49歳","","14,024","8,802","2,926","4,129","69","1,655","23","5,222","2,615","1,567","95","941","4"
"10100","","死亡数【人】","2019000000","","2019年","00320","","50～54歳","","19,545","12,646","4,609","5,293","149","2,564","31","6,899","3,697","1,693","184","1,310","15"
"10100","","死亡数【人】","2019000000","","2019年","00340","","55～59歳","","27,390","18,274","7,646","6,394","304","3,877","53","9,116","5,332","1,727","440","1,610","7"
"10100","","死亡数【人】","2019000000","","2019年","00350","","60～64歳","","42,145","29,211","14,147","8,594","801","5,599","70","12,934","7,930","1,761","1,100","2,131","12"
"10100","","死亡数【人】","2019000000","","2019年","00360","","65～69歳","","79,490","55,240","30,348","12,929","2,554","9,327","82","24,250","14,236","2,624","3,531","3,837","22"
"10100","","死亡数【人】","2019000000","","2019年","00370","","70～74歳","","117,966","80,580","50,823","11,937","5,770","11,936","114","37,386","19,954","3,325","8,832","5,244","31"
"10100","","死亡数【人】","2019000000","","2019年","00380","","75～79歳","","163,768","105,133","73,290","8,577","12,148","11,032","86","58,635","26,210","4,013","22,223","6,154","35"
"10100","","死亡数【人】","2019000000","","2019年","00400","","80～84歳","","222,333","128,508","92,347","5,152","22,955","7,978","76","93,825","29,420","5,254","52,310","6,794","47"
"10100","","死亡数【人】","2019000000","","2019年","00410","","85～89歳","","279,010","135,395","90,526","2,803","37,667","4,351","48","143,615","24,783","7,538","103,841","7,409","44"
"10100","","死亡数【人】","2019000000","","2019年","00420","","90～94歳","","245,517","88,425","48,012","973","37,756","1,656","28","157,092","10,536","7,492","132,319","6,661","84"
"10100","","死亡数【人】","2019000000","","2019年","00430","","95～99歳","","116,672","25,833","9,597","203","15,713","310","10","90,839","1,475","3,583","82,436","3,310","35"
"10100","","死亡数【人】","2019000000","","2019年","00440","","100歳以上","","29,083","4,067","808","34","3,195","30","-","25,016","76","722","23,541","666","11"
"10100","","死亡数【人】","2018000000","","2018年","00100","","総数","","1,358,852","697,094","427,389","73,435","136,248","59,330","692","661,758","148,260","44,661","422,865","45,581","391"
"10100","","死亡数【人】","2018000000","","2018年","00220","","15～19歳","","1,143","747","1","743","-","3","-","396","1","394","-","1","-"
"10100","","死亡数【人】","2018000000","","2018年","00230","","20～24歳","","2,006","1,406","49","1,334","-","22","1","600","23","565","1","10","1"
"10100","","死亡数【人】","2018000000","","2018年","00240","","25～29歳","","2,216","1,518","155","1,294","1","66","2","698","110","544","-","43","1"
"10100","","死亡数【人】","2018000000","","2018年","00250","","30～34歳","","3,114","2,065","455","1,432","5","168","5","1,049","353","581","7","107","1"
"10100","","死亡数【人】","2018000000","","2018年","00260","","35～39歳","","4,610","2,955","825","1,731","8","386","5","1,655","684","706","8","257","-"
"10100","","死亡数【人】","2018000000","","2018年","00280","","40～44歳","","8,338","5,243","1,716","2,675","28","810","14","3,095","1,443","1,105","27","520","-"
"10100","","死亡数【人】","2018000000","","2018年","00300","","45～49歳","","14,001","8,757","2,966","4,146","70","1,559","16","5,244","2,582","1,604","96","954","8"
"10100","","死亡数【人】","2018000000","","2018年","00320","","50～54歳","","19,491","12,582","4,683","5,056","119","2,690","34","6,909","3,752","1,674","203","1,274","6"
"10100","","死亡数【人】","2018000000","","2018年","00340","","55～59歳","","27,382","18,310","7,876","6,181","309","3,909","35","9,072","5,292","1,588","532","1,648","12"
"10100","","死亡数【人】","2018000000","","2018年","00350","","60～64歳","","43,347","30,002","14,868","8,593","883","5,590","68","13,345","8,158","1,844","1,155","2,178","10"
"10100","","死亡数【人】","2018000000","","2018年","00360","","65～69歳","","86,373","59,936","33,793","13,210","2,870","9,952","111","26,437","15,355","2,810","4,114","4,134","24"
"10100","","死亡数【人】","2018000000","","2018年","00370","","70～74歳","","114,528","77,805","50,258","10,620","5,900","10,917","110","36,723","19,729","3,043","8,974","4,947","30"
"10100","","死亡数【人】","2018000000","","2018年","00380","","75～79歳","","158,276","101,156","71,261","7,827","11,972","9,994","102","57,120","25,548","3,755","22,028","5,744","45"
"10100","","死亡数【人】","2018000000","","2018年","00400","","80～84歳","","225,139","129,610","93,559","5,000","23,464","7,508","79","95,529","29,744","5,586","53,548","6,598","53"
"10100","","死亡数【人】","2018000000","","2018年","00410","","85～89歳","","276,699","133,396","89,621","2,475","37,188","4,038","74","143,303","24,176","7,637","104,206","7,194","90"
"10100","","死亡数【人】","2018000000","","2018年","00420","","90～94歳","","234,656","83,799","45,525","893","35,950","1,406","25","150,857","9,878","7,183","127,403","6,342","51"
"10100","","死亡数【人】","2018000000","","2018年","00430","","95～99歳","","109,209","23,781","8,954","195","14,342","281","9","85,428","1,349","3,325","77,745","2,960","49"
"10100","","死亡数【人】","2018000000","","2018年","00440","","100歳以上","","28,324","4,026","824","30","3,139","31","2","24,298","83","717","22,818","670","10"
"10100","","死亡数【人】","2017000000","","2017年","00100","","総数","","1,336,855","688,613","426,740","69,771","134,010","57,403","689","648,242","145,538","43,317","415,102","43,850","435"
"10100","","死亡数【人】","2017000000","","2017年","00220","","15～19歳","","1,161","810","3","805","-","2","-","351","-","350","-","-","1"
"10100","","死亡数【人】","2017000000","","2017年","00230","","20～24歳","","2,025","1,469","48","1,395","1","24","1","556","18","528","-","8","2"
"10100","","死亡数【人】","2017000000","","2017年","00240","","25～29歳","","2,277","1,548","163","1,321","1","59","4","729","110","550","2","65","2"
"10100","","死亡数【人】","2017000000","","2017年","00250","","30～34歳","","3,254","2,154","456","1,484","7","195","12","1,100","362","608","7","121","2"
"10100","","死亡数【人】","2017000000","","2017年","00260","","35～39歳","","4,750","3,075","883","1,778","14","391","9","1,675","678","712","14","266","5"
"10100","","死亡数【人】","2017000000","","2017年","00280","","40～44歳","","8,818","5,504","1,779","2,820","26","866","13","3,314","1,557","1,154","27","576","-"
"10100","","死亡数【人】","2017000000","","2017年","00300","","45～49歳","","14,020","8,943","3,093","4,066","52","1,718","14","5,077","2,581","1,465","99","924","8"
"10100","","死亡数【人】","2017000000","","2017年","00320","","50～54歳","","19,063","12,347","4,813","4,774","127","2,596","37","6,716","3,731","1,488","217","1,268","12"
"10100","","死亡数【人】","2017000000","","2017年","00340","","55～59歳","","27,528","18,507","8,296","6,033","315","3,832","31","9,021","5,464","1,474","498","1,578","7"
"10100","","死亡数【人】","2017000000","","2017年","00350","","60～64歳","","44,913","31,111","15,833","8,398","960","5,861","59","13,802","8,543","1,764","1,330","2,148","17"
"10100","","死亡数【人】","2017000000","","2017年","00360","","65～69歳","","92,441","64,251","37,480","12,824","3,100","10,711","136","28,190","16,608","2,870","4,392","4,298","22"
"10100","","死亡数【人】","2017000000","","2017年","00370","","70～74歳","","109,149","74,276","49,397","8,948","5,863","9,974","94","34,873","18,678","2,743","8,995","4,429","28"
"10100","","死亡数【人】","2017000000","","2017年","00380","","75～79歳","","155,823","99,603","71,182","7,077","12,012","9,238","94","56,220","24,678","3,687","22,462","5,369","24"
"10100","","死亡数【人】","2017000000","","2017年","00400","","80～84歳","","226,201","129,921","94,356","4,577","23,926","6,975","87","96,280","28,969","5,709","55,246","6,308","48"
"10100","","死亡数【人】","2017000000","","2017年","00410","","85～89歳","","270,097","129,787","86,922","2,407","36,984","3,421","53","140,310","23,264","7,521","102,544","6,893","88"
"10100","","死亡数【人】","2017000000","","2017年","00420","","90～94歳","","223,426","78,370","42,284","859","33,933","1,261","33","145,056","9,050","7,031","122,789","6,085","101"
"10100","","死亡数【人】","2017000000","","2017年","00430","","95～99歳","","104,102","22,850","8,921","175","13,501","244","9","81,252","1,180","2,999","74,151","2,871","51"
"10100","","死亡数【人】","2017000000","","2017年","00440","","100歳以上","","27,807","4,087","831","30","3,188","35","3","23,720","67","664","22,329","643","17"
"10100","","死亡数【人】","2016000000","","2016年","00100","","総数","","1,304,278","672,773","420,185","67,393","129,864","54,817","514","631,505","144,872","42,450","401,853","42,040","290"
"10100","","死亡数【人】","2016000000","","2016年","00220","","15～19歳","","1,166","816","3","811","-","1","1","350","-","348","-","1","1"
"10100","","死亡数【人】","2016000000","","2016年","00230","","20～24歳","","2,083","1,471","38","1,411","-","21","1","612","30","561","1","20","-"
"10100","","死亡数【人】","2016000000","","2016年","00240","","25～29歳","","2,480","1,714","198","1,433","-","79","4","766","122","588","2","52","2"
"10100","","死亡数【人】","2016000000","","2016年","00250","","30～34歳","","3,355","2,227","525","1,482","6","209","5","1,128","380","628","4","115","1"
"10100","","死亡数【人】","2016000000","","2016年","00260","","35～39歳","","5,195","3,282","947","1,891","11","426","7","1,913","854","802","7","250","-"
"10100","","死亡数【人】","2016000000","","2016年","00280","","40～44歳","","9,266","5,836","1,921","2,939","26","941","9","3,430","1,636","1,173","37","582","2"
"10100","","死亡数【人】","2016000000","","2016年","00300","","45～49歳","","13,925","8,888","3,136","3,958","52","1,721","21","5,037","2,585","1,438","83","928","3"
"10100","","死亡数【人】","2016000000","","2016年","00320","","50～54歳","","19,487","12,531","5,047","4,729","143","2,590","22","6,956","4,011","1,505","262","1,170","8"
"10100","","死亡数【人】","2016000000","","2016年","00340","","55～59歳","","28,339","19,071","8,984","5,905","327","3,817","38","9,268","5,655","1,502","546","1,562","3"
"10100","","死亡数【人】","2016000000","","2016年","00350","","60～64歳","","48,237","33,474","17,648","8,726","1,046","5,984","70","14,763","9,176","1,807","1,396","2,373","11"
"10100","","死亡数【人】","2016000000","","2016年","00360","","65～69歳","","93,542","65,109","38,850","12,245","3,283","10,646","85","28,433","16,827","2,819","4,485","4,276","26"
"10100","","死亡数【人】","2016000000","","2016年","00370","","70～74歳","","107,849","72,548","49,290","8,107","5,942","9,144","65","35,301","18,955","2,613","9,538","4,183","12"
"10100","","死亡数【人】","2016000000","","2016年","00380","","75～79歳","","153,048","97,128","70,304","6,235","12,044","8,463","82","55,920","24,436","3,679","22,784","4,989","32"
"10100","","死亡数【人】","2016000000","","2016年","00400","","80～84歳","","223,824","128,016","93,159","4,394","24,150","6,261","52","95,808","28,798","5,666","55,248","6,061","35"
"10100","","死亡数【人】","2016000000","","2016年","00410","","85～89歳","","260,637","124,580","83,159","2,144","36,070","3,174","33","136,057","22,048","7,517","99,744","6,681","67"
"10100","","死亡数【人】","2016000000","","2016年","00420","","90～94歳","","209,447","70,786","37,955","782","30,953","1,080","16","138,661","8,167","6,493","118,194","5,759","48"
"10100","","死亡数【人】","2016000000","","2016年","00430","","95～99歳","","95,967","21,280","8,212","181","12,656","228","3","74,687","1,130","2,609","68,447","2,475","26"
"10100","","死亡数【人】","2016000000","","2016年","00440","","100歳以上","","26,431","4,016","809","20","3,155","32","-","22,415","62","702","21,075","563","13"
"10100","","死亡数【人】","2015000000","","2015年","00100","","総数","","1,286,440","664,376","418,568","65,192","126,570","53,617","429","622,064","144,024","41,727","395,245","40,784","284"
"10100","","死亡数【人】","2015000000","","2015年","00220","","15～19歳","","1,220","836","1","833","-","2","-","384","3","377","-","4","-"
"10100","","死亡数【人】","2015000000","","2015年","00230","","20～24歳","","2,101","1,515","38","1,457","1","18","1","586","17","556","-","12","1"
"10100","","死亡数【人】","2015000000","","2015年","00240","","25～29歳","","2,616","1,786","225","1,462","1","93","5","830","152","608","3","67","-"
"10100","","死亡数【人】","2015000000","","2015年","00250","","30～34歳","","3,550","2,325","531","1,550","4","237","3","1,225","434","629","8","153","1"
"10100","","死亡数【人】","2015000000","","2015年","00260","","35～39歳","","5,402","3,455","999","1,984","7","458","7","1,947","846","819","14","267","1"
"10100","","死亡数【人】","2015000000","","2015年","00280","","40～44歳","","9,770","6,214","2,020","3,133","44","1,007","10","3,556","1,697","1,189","35","633","2"
"10100","","死亡数【人】","2015000000","","2015年","00300","","45～49歳","","13,540","8,656","3,143","3,735","56","1,703","19","4,884","2,533","1,290","89","970","2"
"10100","","死亡数【人】","2015000000","","2015年","00320","","50～54歳","","19,717","12,838","5,360","4,505","174","2,775","24","6,879","4,066","1,353","256","1,199","5"
"10100","","死亡数【人】","2015000000","","2015年","00340","","55～59歳","","28,737","19,461","9,170","5,958","367","3,938","28","9,276","5,744","1,445","569","1,510","8"
"10100","","死亡数【人】","2015000000","","2015年","00350","","60～64歳","","52,220","36,142","19,195","9,351","1,172","6,368","56","16,078","10,084","1,895","1,559","2,523","17"
"10100","","死亡数【人】","2015000000","","2015年","00360","","65～69歳","","88,289","61,425","37,544","10,760","3,209","9,834","78","26,864","15,963","2,618","4,439","3,824","20"
"10100","","死亡数【人】","2015000000","","2015年","00370","","70～74歳","","114,331","76,918","53,031","7,998","6,403","9,412","74","37,413","20,197","2,713","10,138","4,341","24"
"10100","","死亡数【人】","2015000000","","2015年","00380","","75～79歳","","153,472","96,968","70,711","5,707","12,556","7,947","47","56,504","24,324","3,590","23,668","4,898","24"
"10100","","死亡数【人】","2015000000","","2015年","00400","","80～84歳","","222,464","126,763","92,759","3,889","24,374","5,702","39","95,701","28,289","5,878","55,617","5,881","36"
"10100","","死亡数【人】","2015000000","","2015年","00410","","85～89歳","","256,269","120,815","80,376","2,001","35,560","2,862","16","135,454","21,275","7,685","100,001","6,439","54"
"10100","","死亡数【人】","2015000000","","2015年","00420","","90～94歳","","197,186","64,599","34,985","677","27,947","973","17","132,587","7,396","6,069","113,787","5,282","53"
"10100","","死亡数【人】","2015000000","","2015年","00430","","95～99歳","","90,731","19,917","7,688","161","11,814","250","4","70,814","936","2,398","65,227","2,221","32"
"10100","","死亡数【人】","2015000000","","2015年","00440","","100歳以上","","24,825","3,743","792","31","2,881","38","1","21,082","68","615","19,835","560","4"
